tramo,activo,direccion,entrada,salida,horas,nocional,senal_entrada,base,funding_cobrado,funding_pagado,comisiones,slippage,penalizacion_liquidacion,neto,motivo_salida,horas_sin_funding
desarrollo,ZEC,1,2026-03-18T14:00:00Z,2026-03-24T14:00:00Z,144,178.758170,0.200043,-0.261473,0.387461,0.097288,0.317478,0.334183,0.000000,-0.622960,señal,0
desarrollo,HYPE,1,2026-03-19T00:00:00Z,2026-03-25T17:00:00Z,161,178.758170,0.206299,-0.466477,0.601040,0.072697,0.332816,0.350337,0.000000,-0.621287,señal,0
desarrollo,SOL,-1,2026-03-27T05:00:00Z,2026-03-31T22:00:00Z,113,178.758170,-0.202921,0.132875,0.505254,0.184500,0.333133,0.350669,0.000000,-0.230173,señal,0
desarrollo,ZEC,1,2026-04-02T05:00:00Z,2026-04-04T03:00:00Z,46,178.758170,0.213039,0.015141,0.127603,0.048659,0.339279,0.357130,0.000000,-0.602323,señal,0
desarrollo,HYPE,-1,2026-04-03T17:00:00Z,2026-04-07T02:00:00Z,81,178.758170,-0.221147,0.456357,0.464515,0.138131,0.340452,0.358360,0.000000,0.083930,señal,0
desarrollo,HYPE,-1,2026-04-14T07:00:00Z,2026-04-15T01:00:00Z,18,178.758170,-0.204589,0.219047,0.029909,0.051114,0.335348,0.352982,0.000000,-0.490488,señal,0
desarrollo,HYPE,-1,2026-04-17T21:00:00Z,2026-04-20T06:00:00Z,57,178.758170,-0.214614,-0.047952,0.298912,0.061880,0.325764,0.342895,0.000000,-0.479580,señal,0
desarrollo,HYPE,-1,2026-04-30T00:00:00Z,2026-05-01T22:00:00Z,46,178.758170,-0.210255,0.447007,0.234460,0.116940,0.343778,0.361870,0.000000,-0.141121,señal,0
desarrollo,ZEC,1,2026-04-06T20:00:00Z,2026-05-02T19:00:00Z,623,178.758170,0.201978,-0.021032,4.496730,1.228708,0.423458,0.445749,0.000000,2.377782,señal,0
desarrollo,HYPE,1,2026-05-02T19:00:00Z,2026-05-03T09:00:00Z,14,178.758170,0.300621,-0.055571,0.030830,0.032162,0.336747,0.354466,0.000000,-0.748116,señal,0
desarrollo,ZEC,1,2026-05-03T19:00:00Z,2026-05-11T12:00:00Z,185,178.758170,0.211884,0.022052,2.092412,0.223147,0.409468,0.431027,0.000000,1.050822,señal,0
desarrollo,ZEC,1,2026-05-13T04:00:00Z,2026-05-14T02:00:00Z,22,178.758170,0.216341,0.364107,0.091476,0.097147,0.324313,0.341390,0.000000,-0.307267,señal,0
desarrollo,HYPE,-1,2026-05-14T11:00:00Z,2026-05-15T01:00:00Z,14,178.758170,-0.204198,-0.544492,0.044389,0.081512,0.366443,0.385713,0.000000,-1.333772,señal,0
desarrollo,ZEC,-1,2026-05-14T09:00:00Z,2026-05-15T02:00:00Z,17,178.758170,-0.204673,0.095675,0.051105,0.066846,0.347680,0.365973,0.000000,-0.633719,señal,0
desarrollo,HYPE,1,2026-05-19T00:00:00Z,2026-05-21T12:00:00Z,60,178.758170,0.205239,0.858351,0.297902,0.123758,0.373809,0.393475,0.000000,0.265211,señal,0
desarrollo,ZEC,1,2026-05-18T18:00:00Z,2026-05-22T20:00:00Z,98,178.758170,0.205058,0.182434,0.639030,0.120350,0.364615,0.383810,0.000000,-0.047311,señal,0
desarrollo,HYPE,1,2026-05-21T20:00:00Z,2026-05-23T16:00:00Z,44,178.758170,0.209213,0.188906,0.162218,0.113919,0.338083,0.355883,0.000000,-0.456760,señal,0
desarrollo,ZEC,1,2026-05-24T10:00:00Z,2026-05-25T11:00:00Z,25,178.758170,0.214500,0.196010,0.083808,0.056080,0.343988,0.362100,0.000000,-0.482351,señal,0
desarrollo,HYPE,1,2026-05-25T10:00:00Z,2026-05-27T11:00:00Z,49,178.758170,0.218094,-0.171997,0.171285,0.040294,0.337104,0.354836,0.000000,-0.732945,señal,0
desarrollo,ZEC,-1,2026-05-27T05:00:00Z,2026-05-29T02:00:00Z,45,178.758170,-0.231721,0.028147,0.265199,0.059555,0.333881,0.351451,0.000000,-0.451541,señal,0
desarrollo,HYPE,1,2026-05-31T09:00:00Z,2026-06-03T02:00:00Z,65,178.758170,0.201855,0.002598,0.679062,0.250842,0.340469,0.358393,0.000000,-0.268044,señal,0
desarrollo,DOGE,1,2026-06-02T16:00:00Z,2026-06-03T23:00:00Z,31,178.758170,0.217741,-0.182982,0.097377,0.027003,0.334669,0.352292,0.000000,-0.799569,señal,0
desarrollo,HYPE,1,2026-06-03T23:00:00Z,2026-06-04T10:00:00Z,11,178.758170,0.210833,0.193686,0.102309,0.125479,0.322405,0.339376,0.000000,-0.491264,señal,0
desarrollo,ZEC,1,2026-06-03T02:00:00Z,2026-06-05T03:00:00Z,49,178.758170,0.419099,0.280736,0.823335,0.248171,0.281143,0.295940,0.000000,0.278817,señal,0
desarrollo,HYPE,-1,2026-06-04T15:00:00Z,2026-06-05T15:00:00Z,24,178.758170,-0.204328,0.199513,0.137191,0.113575,0.324783,0.341881,0.000000,-0.443536,señal,0
desarrollo,ZEC,-1,2026-06-05T04:00:00Z,2026-06-06T02:00:00Z,22,178.758170,-0.246208,-0.124131,0.376216,0.485624,0.331822,0.349279,0.000000,-0.914641,señal,0
desarrollo,HYPE,1,2026-06-05T19:00:00Z,2026-06-08T12:00:00Z,65,178.758170,0.240193,0.315722,0.364141,0.218926,0.354498,0.373157,0.000000,-0.266718,señal,0
desarrollo,ZEC,1,2026-06-06T04:00:00Z,2026-06-10T09:00:00Z,101,178.758170,0.337264,0.324881,2.913999,1.689015,0.368846,0.388257,0.000000,0.792761,señal,0
desarrollo,HYPE,-1,2026-06-08T18:00:00Z,2026-06-10T09:00:00Z,39,178.758170,-0.261952,0.267160,0.375887,0.101941,0.317140,0.333831,0.000000,-0.109864,señal,0
desarrollo,ZEC,-1,2026-06-10T21:00:00Z,2026-06-12T18:00:00Z,45,178.758170,-0.200464,0.151585,0.406717,0.278123,0.340903,0.358844,0.000000,-0.419567,señal,0
desarrollo,HYPE,1,2026-06-12T03:00:00Z,2026-06-13T16:00:00Z,37,178.758170,0.205639,0.135713,0.218140,0.141028,0.341576,0.359554,0.000000,-0.488305,señal,0
desarrollo,SOL,1,2026-06-14T04:00:00Z,2026-06-15T00:00:00Z,20,178.758170,0.209705,-0.147820,0.043152,0.043375,0.345428,0.363615,0.000000,-0.857086,señal,0
desarrollo,ZEC,1,2026-06-13T20:00:00Z,2026-06-17T09:00:00Z,85,178.758170,0.219936,-0.069355,1.690155,0.352988,0.378067,0.397972,0.000000,0.491773,señal,0
desarrollo,DOGE,1,2026-06-17T22:00:00Z,2026-06-18T10:00:00Z,12,178.758170,0.200030,0.083610,0.030849,0.065435,0.338714,0.356542,0.000000,-0.646233,señal,0
desarrollo,ZEC,1,2026-06-17T21:00:00Z,2026-06-18T21:00:00Z,24,178.758170,0.210597,0.210391,0.165644,0.155650,0.329702,0.347069,0.000000,-0.456386,señal,0
desarrollo,HYPE,1,2026-06-19T19:00:00Z,2026-06-20T19:00:00Z,24,178.758170,0.202815,0.027843,0.105505,0.086586,0.337497,0.355262,0.000000,-0.645997,señal,0
desarrollo,ZEC,1,2026-06-19T15:00:00Z,2026-06-21T11:00:00Z,44,178.758170,0.223575,-0.177203,0.183161,0.069701,0.341108,0.359062,0.000000,-0.763912,señal,0
desarrollo,ZEC,-1,2026-06-21T22:00:00Z,2026-06-22T14:00:00Z,16,178.758170,-0.204674,-0.008032,0.046414,0.083890,0.346064,0.364279,0.000000,-0.755851,señal,0
desarrollo,DOGE,-1,2026-06-22T09:00:00Z,2026-06-23T05:00:00Z,20,178.758170,-0.201506,-0.368331,0.033447,0.023044,0.336079,0.353767,0.000000,-1.047773,señal,0
desarrollo,SOL,-1,2026-06-24T08:00:00Z,2026-06-26T08:00:00Z,48,178.758170,-0.204942,0.159928,0.155933,0.075444,0.343131,0.361197,0.000000,-0.463912,señal,0
desarrollo,HYPE,1,2026-06-26T08:00:00Z,2026-06-28T10:00:00Z,50,178.758170,0.380118,0.008248,0.196366,0.048063,0.333892,0.351461,0.000000,-0.528801,señal,0
desarrollo,ZEC,-1,2026-06-25T17:00:00Z,2026-06-29T15:00:00Z,94,178.758170,-0.207452,0.538482,0.855732,0.214849,0.335033,0.352688,0.000000,0.491644,señal,0
desarrollo,HYPE,-1,2026-06-29T10:00:00Z,2026-06-30T15:00:00Z,29,178.758170,-0.208609,-0.011431,0.176425,0.115684,0.345662,0.363858,0.000000,-0.660211,señal,0
desarrollo,ZEC,1,2026-07-01T17:00:00Z,2026-07-03T17:00:00Z,48,178.758170,0.235081,0.216698,0.220560,0.116656,0.358058,0.376906,0.000000,-0.414363,señal,0
desarrollo,SOL,1,2026-07-01T20:00:00Z,2026-07-03T19:00:00Z,47,178.758170,0.227511,-0.164958,0.187398,0.099666,0.351054,0.369538,0.000000,-0.797817,señal,0
desarrollo,HYPE,-1,2026-07-03T19:00:00Z,2026-07-04T08:00:00Z,13,178.758170,-0.325099,-0.241133,0.011580,0.060316,0.342295,0.360310,0.000000,-0.992473,señal,0
desarrollo,HYPE,-1,2026-07-04T21:00:00Z,2026-07-05T10:00:00Z,13,178.758170,-0.206162,-0.105146,0.002397,0.096639,0.336653,0.354376,0.000000,-0.890417,señal,0
desarrollo,HYPE,-1,2026-07-06T06:00:00Z,2026-07-06T22:00:00Z,16,178.758170,-0.237122,-0.037937,0.029540,0.123591,0.341889,0.359885,0.000000,-0.833761,señal,0
desarrollo,HYPE,1,2026-07-07T04:00:00Z,2026-07-08T09:00:00Z,29,178.758170,0.235006,0.198617,0.141607,0.062502,0.334361,0.351950,0.000000,-0.408589,señal,0
desarrollo,SOL,1,2026-07-08T00:00:00Z,2026-07-09T00:00:00Z,24,178.758170,0.207641,-0.155345,0.058808,0.041460,0.333790,0.351358,0.000000,-0.823145,señal,0
desarrollo,HYPE,-1,2026-07-08T15:00:00Z,2026-07-09T12:00:00Z,21,178.758170,-0.217269,-0.106135,0.072539,0.109280,0.339827,0.357710,0.000000,-0.840413,señal,0
desarrollo,HYPE,1,2026-07-09T18:00:00Z,2026-07-11T06:00:00Z,36,178.758170,0.220440,-0.053170,0.182919,0.086636,0.337767,0.355541,0.000000,-0.650195,señal,0
desarrollo,ZEC,-1,2026-07-10T03:00:00Z,2026-07-12T05:00:00Z,50,178.758170,-0.203340,0.283345,0.343534,0.251197,0.347712,0.366028,0.000000,-0.338058,señal,0
desarrollo,ZEC,1,2026-07-12T15:00:00Z,2026-07-13T20:00:00Z,29,178.758170,0.228237,0.066979,0.145967,0.073200,0.330128,0.347506,0.000000,-0.537888,señal,0
desarrollo,ZEC,-1,2026-07-14T13:00:00Z,2026-07-14T22:00:00Z,9,178.758170,-0.201483,-0.171165,0.015179,0.046917,0.346847,0.365106,0.000000,-0.914856,señal,0
desarrollo,HYPE,-1,2026-07-11T18:00:00Z,2026-07-15T20:00:00Z,98,178.758170,-0.202886,0.247006,0.926009,0.298021,0.338285,0.356091,0.000000,0.180618,señal,0
desarrollo,ZEC,1,2026-07-15T13:00:00Z,2026-07-16T15:00:00Z,26,178.758170,0.236021,0.039722,0.106922,0.066494,0.330982,0.348412,0.000000,-0.599244,señal,0
desarrollo,HYPE,1,2026-07-16T01:00:00Z,2026-07-17T12:00:00Z,35,178.758170,0.224480,0.306056,0.112388,0.052271,0.323782,0.340820,0.000000,-0.298430,señal,0
desarrollo,ZEC,-1,2026-07-17T00:00:00Z,2026-07-18T03:00:00Z,27,178.758170,-0.209032,-0.109282,0.234069,0.189898,0.347122,0.365398,0.000000,-0.777632,señal,0
desarrollo,HYPE,-1,2026-07-18T03:00:00Z,2026-07-19T16:00:00Z,37,178.758170,-0.219783,0.180118,0.201320,0.115269,0.343343,0.361407,0.000000,-0.438581,señal,0
desarrollo,ZEC,1,2026-07-19T16:00:00Z,2026-07-20T21:00:00Z,29,178.758170,0.298465,0.213408,0.101700,0.054539,0.338469,0.356288,0.000000,-0.434188,señal,0
desarrollo,ETH,1,2026-07-19T13:00:00Z,2026-07-21T06:00:00Z,41,178.758170,0.201281,0.124350,0.108346,0.043188,0.345318,0.363499,0.000000,-0.519310,señal,0
desarrollo,ZEC,1,2026-07-26T17:00:00Z,2026-07-27T14:00:00Z,21,178.758170,0.201262,-0.317613,0.071244,0.059601,0.341754,0.359740,0.000000,-1.007463,señal,0
desarrollo,HYPE,-1,2026-07-28T01:00:00Z,2026-07-29T14:00:00Z,37,178.758170,-0.205217,0.178157,0.187913,0.122679,0.336893,0.354624,0.000000,-0.448127,señal,0
desarrollo,ZEC,-1,2026-07-28T09:00:00Z,2026-07-30T08:00:00Z,47,178.758170,-0.217150,0.041972,0.263923,0.100843,0.341401,0.359376,0.000000,-0.495726,señal,0
desarrollo,HYPE,-1,2026-07-30T12:00:00Z,2026-07-31T06:00:00Z,18,178.758170,-0.212401,0.053822,0.093934,0.127595,0.346163,0.364379,0.000000,-0.690382,señal,0
desarrollo,HYPE,1,2026-07-31T14:00:00Z,2026-08-01T06:00:00Z,16,178.758170,0.234371,-0.139950,0.036306,0.080113,0.329472,0.346810,0.000000,-0.860039,señal,0
desarrollo,ZEC,-1,2026-07-31T15:00:00Z,2026-08-01T23:00:00Z,32,178.758170,-0.206966,-0.106383,0.116388,0.043565,0.342540,0.360568,0.000000,-0.736667,señal,0
desarrollo,SOL,1,2026-08-01T19:00:00Z,2026-08-02T13:00:00Z,18,178.758170,0.208318,-0.055359,0.027019,0.032797,0.343995,0.362104,0.000000,-0.767236,señal,0
desarrollo,ZEC,1,2026-08-03T18:00:00Z,2026-08-06T10:00:00Z,64,178.758170,0.209025,0.200332,0.266578,0.124234,0.344178,0.362293,0.000000,-0.363796,señal,0
