activo,lado,entrada,salida,motivo,atr,entrada_ref,entrada_fill,stop,take_profit,salida_ref,salida_fill,cantidad,nocional,capital_previo,bruto,comision_entrada,comision_salida,slippage,funding_real,funding_imputado,horas_funding_real,horas_funding_imputado,neto
PF_ETHUSD,largo,2025-05-30T12:00:00Z,2025-05-31T00:00:00Z,stop,58.429586944034476,2623.6,2624.9118,2508.0526261119307,2800.2005608321033,2508.0526261119307,2506.798599798875,0.047065196655147135,123.54199006941624,550.0,-5.438259875027788,0.06177099503470812,0.05899148453719076,0.12076112000693012,0.0,0.013239836705071829,0,12,-5.6930233113116895
PF_XBTUSD,corto,2025-06-01T08:00:00Z,2025-06-03T04:00:00Z,stop,1089.3998456846143,104327.0,104274.8365,106453.63619136924,101006.63696294616,106453.63619136924,106506.86300946491,0.0024981965017014853,260.4990317597944,544.3069766886883,-5.312755093670401,0.1302495158798972,0.1330375362887223,0.26328572397984606,-0.0,0.09836857407333867,0,44,-5.9376964438922055
PF_SOLUSD,corto,2025-06-02T08:00:00Z,2025-06-03T04:00:00Z,stop,3.416832342910581,155.64,155.56217999999998,162.39584468582115,145.31168297126823,162.39584468582115,162.47704260816406,0.7965081719886613,123.90654762237108,544.3069766886883,-5.381085500942723,0.06195327381118554,0.06470714609897629,0.1266590746387866,-0.0,0.02333132157255205,0,20,-5.657736317064224
PF_XBTUSD,corto,2025-06-03T12:00:00Z,2025-06-05T20:00:00Z,tp,1031.191482003648,105373.0,105320.3135,107382.6964640073,102226.73905398906,102226.73905398906,102277.85242351604,0.0025829904204243974,272.04136084659433,532.711543927732,8.126761883701654,0.13602068042329718,0.1320913565157611,0.2681140686295292,-0.0,0.12998580657297035,0,56,7.460549971560096
PF_SOLUSD,corto,2025-06-03T20:00:00Z,2025-06-05T16:00:00Z,tp,3.4879846155601935,160.71,160.629645,167.6056142311204,150.16569115331944,150.16569115331944,150.2407739988961,0.7636380354879734,122.66290654893058,532.711543927732,8.052035293257605,0.06133145327446529,0.057364784753354804,0.11869825103664342,-0.0,0.049533474782922665,0,44,7.7651073294102195
PF_SOLUSD,corto,2025-06-07T20:00:00Z,2025-06-09T12:00:00Z,stop,2.9283568439788192,150.68,150.60466000000002,156.46137368795766,141.81958946806355,156.46137368795766,156.53960437480163,0.9355710905850678,140.90136600339335,547.9372012287023,-5.408886086322358,0.07045068300169668,0.0732269641923441,0.1436762949725192,-0.0,0.05360008198997736,0,40,-5.749840110478896
PF_ETHUSD,corto,2025-06-08T08:00:00Z,2025-06-09T20:00:00Z,stop,38.56125042249918,2515.9,2514.6420500000004,2591.7645508449987,2398.958298732503,2591.7645508449987,2593.060433120421,0.07104764436126786,178.65939406428956,547.9372012287023,-5.3899976280627815,0.08932969703214479,0.09211541772980743,0.18144376726254519,-0.0,0.058081552511834486,0,36,-5.810968062599113
PF_XBTUSD,largo,2025-06-12T16:00:00Z,2025-06-13T04:00:00Z,stop,1051.7628087961425,107058.0,107111.529,105008.00338240771,110266.81742638843,105008.00338240771,104955.49938071652,0.002549892373878316,273.1228709515461,536.3763930556242,-5.2272707416749205,0.13656143547577304,0.13381261373373968,0.2703727423918273,0.0,0.027820821069869217,0,12,-5.79583835434613
PF_XBTUSD,corto,2025-06-15T12:00:00Z,2025-06-16T08:00:00Z,stop,998.2994296709667,105015.0,104962.49250000001,106959.09135934194,101967.59421098711,106959.09135934194,107012.57090502161,0.0026574219063520564,278.92962691481347,530.5805547012782,-5.166270966265016,0.13946481345740672,0.14218877508902855,0.2816522969786937,-0.0,0.047859174307974844,0,20,-5.77743602609812
PF_ETHUSD,corto,2025-06-16T12:00:00Z,2025-06-17T20:00:00Z,tp,51.18274013311152,2618.1,2616.79095,2719.156430266223,2463.2427296006654,2463.2427296006654,2464.4743509654654,0.05126758720911764,134.1565582371548,524.80311867518,7.939158615163795,0.0670782791185774,0.0631738268563778,0.13025409076460898,-0.0,0.03829186291112598,0,32,7.640360555513105
PF_XBTUSD,corto,2025-06-17T00:00:00Z,2025-06-20T20:00:00Z,tp,1145.1920894214375,106828.0,106774.58600000001,109064.97017884288,103339.0097317357,103339.0097317357,103390.67923660156,0.0022913322730875475,244.65605484736184,524.80311867518,7.994436002162372,0.12232802742368093,0.11845120003563388,0.24078122606831534,-0.0,0.18910053154406134,0,92,7.323775017090681
PF_ETHUSD,corto,2025-06-20T16:00:00Z,2025-06-22T00:00:00Z,tp,47.17935907330507,2494.3,2493.0528500000005,2587.4115681466105,2351.5147727800854,2351.5147727800854,2352.690530166475,0.05642758715770253,140.67695698213373,532.4434792306931,8.0570258537841,0.07033847849106686,0.06637832497303507,0.1367188177205654,-0.0,0.03953509220912371,0,32,7.7440551403903095
PF_SOLUSD,corto,2025-06-20T16:00:00Z,2025-06-22T00:00:00Z,tp,3.2395694463366476,142.88,142.80856,149.2876988926733,133.08985166099006,133.08985166099006,133.15639658682056,0.8217812398385038,117.35739549635136,532.4434792306931,8.04536024023445,0.05867869774817568,0.05471271433977246,0.11339342342800819,-0.0,0.03503559622801566,0,32,7.783539808490477
PF_ETHUSD,corto,2025-06-24T12:00:00Z,2025-07-02T20:00:00Z,stop,67.29829150349593,2411.4,2410.1943,2544.790883006992,2208.2994254895125,2544.790883006992,2546.063278448495,0.04125623673283138,99.43554661292082,555.2948491966646,-5.503205847337867,0.04971777330646041,0.05252049467621995,0.10223689218121852,-0.0,0.18210806218982348,0,200,-5.889789069691589
PF_SOLUSD,largo,2025-06-27T04:00:00Z,2025-06-28T20:00:00Z,tp,3.5101850499177876,141.47,141.54073499999998,134.5203649001644,152.07129014975334,152.07129014975334,151.99525450467846,0.7909766028000008,111.95540972811516,555.2948491966646,8.385372467949008,0.055977704864057586,0.060112345024916046,0.11609214623209062,0.0,0.043116849189707256,0,40,8.110073422638237
PF_XBTUSD,largo,2025-06-28T00:00:00Z,2025-07-03T16:00:00Z,tp,1072.0724061895744,107113.0,107166.55649999999,105022.41168762084,110382.77371856871,110382.77371856871,110327.58233170943,0.002589819708028526,277.54206006525254,555.2948491966646,8.468124417142977,0.13877103003262625,0.14286427353090045,0.28163742059463104,0.0,0.32351949527912555,0,136,7.581332197705695
PF_SOLUSD,largo,2025-07-02T00:00:00Z,2025-07-03T12:00:00Z,tp,3.154321076944033,146.93,147.003465,140.69482284611195,156.4664282308321,156.4664282308321,156.38819501671668,0.8930684430596083,131.28415561191764,563.4049226193029,8.516683112458907,0.06564207780595882,0.06983268091824078,0.13547688789497772,0.0,0.04606643146119271,0,36,8.199665034378537
PF_ETHUSD,largo,2025-07-05T04:00:00Z,2025-07-09T08:00:00Z,tp,41.33231815406771,2519.9,2521.1599499999998,2438.4953136918643,2645.156904462203,2645.156904462203,2643.834326009972,0.06935204174185362,174.84759009028957,573.2961307816955,8.686822066718058,0.08742379504514479,0.0916776542679945,0.17910362101865596,0.0,0.15940662272911424,0,100,8.169210373657146
PF_XBTUSD,largo,2025-07-05T04:00:00Z,2025-07-09T20:00:00Z,tp,890.4501281694965,108223.0,108277.1115,106496.211243661,110948.46188450849,110948.46188450849,110892.98765356625,0.003219136662713631,348.5588193623817,573.2961307816955,8.773634275249869,0.17427940968119088,0.17848984109672258,0.35277144418648226,0.0,0.3339050187854371,0,112,7.734188561500037
PF_SOLUSD,largo,2025-07-08T12:00:00Z,2025-07-10T00:00:00Z,tp,2.221105967731529,151.28,151.35564,146.91342806453693,158.01895790319458,158.01895790319458,157.939948424243,1.2905645635791463,195.33422548184237,573.2961307816955,8.697060265314544,0.09766711274092119,0.10191585030492302,0.19958513731091054,0.0,0.06725892749786012,0,36,8.230633237459928
PF_ETHUSD,largo,2025-07-12T20:00:00Z,2025-07-16T00:00:00Z,tp,56.04666125579917,2942.1,2943.5710499999996,2831.4777274884013,3111.711033767397,3111.711033767397,3110.1551782505135,0.05329756934383815,156.88518215588945,597.4301629543127,9.039855833697926,0.07844259107794473,0.08288185564145202,0.16132670668335516,0.0,0.10939651116728798,0,76,8.607808169127887
PF_SOLUSD,largo,2025-07-12T20:00:00Z,2025-07-16T20:00:00Z,tp,3.168901400058409,160.83,160.910415,154.5726121998832,170.41711920017522,170.41711920017522,170.33191064057513,0.942645553666171,151.68148723832834,597.4301629543127,9.037255286512739,0.07584074361916417,0.08028130910640086,0.15612431203938665,0.0,0.1398362586052208,0,96,8.585172663142567
PF_XBTUSD,largo,2025-07-13T12:00:00Z,2025-07-14T04:00:00Z,tp,982.2514888388112,118144.0,118203.072,116238.56902232238,121149.82646651643,121149.82646651643,121089.25155328317,0.003041126278467529,359.47046845478934,597.4301629543127,9.141097855836318,0.17973523422739468,0.18412385246932725,0.3638613719711859,0.0,0.049322240437271195,0,16,8.364055156731139
PF_XBTUSD,largo,2025-07-15T12:00:00Z,2025-08-01T04:00:00Z,stop,1437.2066351353187,117168.0,117226.58399999999,114352.17072972935,121538.20390540594,114352.17072972935,114294.99464436449,0.0021075404305171672,247.05976531141684,605.7942181110438,-5.934474032529053,0.12352988265570844,0.12044066110937064,0.24396906014657094,0.0,0.8504318948384888,0,400,-7.2728455312791915
PF_SOLUSD,largo,2025-07-19T08:00:00Z,2025-07-21T08:00:00Z,tp,4.246575749818022,177.15,177.238575,168.74542350036396,189.97830224945406,189.97830224945406,189.88331309832935,0.733517115490064,130.0075282875694,622.9871989433143,9.409779262654238,0.06500376414378468,0.06964133005179163,0.13464744664039197,0.0,0.059960048569820616,0,48,9.08052667324845
PF_ETHUSD,largo,2025-07-19T20:00:00Z,2025-07-20T20:00:00Z,tp,79.38596516690643,3579.9,3581.68995,3422.9180196661873,3819.8478455007194,3819.8478455007194,3817.937921577969,0.03923786765289707,140.53787623181154,622.9871989433143,9.415041805355017,0.07026893811590576,0.07490387143692663,0.14517516331328373,0.0,0.03121755407696151,0,24,9.09347627841194
PF_ETHUSD,largo,2025-07-22T16:00:00Z,2025-07-24T00:00:00Z,stop,84.80742725923155,3721.8,3723.6609,3554.0460454815366,3978.0831817776943,3554.0460454815366,3552.269022458796,0.0378010053255791,140.75812551155065,641.1612018949746,-6.341268128139396,0.07037906275577532,0.06713967011792729,0.13751714755667058,0.0,0.0401828669406428,0,32,-6.656486875510413
PF_ETHUSD,largo,2025-07-24T00:00:00Z,2025-07-28T04:00:00Z,tp,85.18642721702635,3631.0,3632.8154999999997,3462.442645565947,3888.3747816510786,3888.3747816510786,3886.430594260253,0.0372421250513864,135.29376913961482,634.5047150194642,9.585183803322739,0.0676468845698074,0.07236946709748715,0.1400187479632454,0.0,0.12497992355878644,0,100,9.180168780133412
PF_SOLUSD,largo,2025-07-24T00:00:00Z,2025-07-25T04:00:00Z,stop,5.787870718982588,189.53,189.624765,178.04902356203482,206.98837715694776,178.04902356203482,177.9599990502538,0.5481331095893929,103.93961209460787,634.5047150194642,-6.293103316064407,0.05196980604730394,0.04877288383097051,0.10074111660244543,0.0,0.02724555562699955,0,28,-6.521832678172126
PF_SOLUSD,corto,2025-07-26T20:00:00Z,2025-07-30T20:00:00Z,tp,4.837688188333368,186.58,186.48671000000002,196.16208637666676,171.97364543499992,171.97364543499992,172.05963225771742,0.6490526651301586,121.039696136855,627.9828823412921,9.480293358249366,0.06051984806842751,0.055837881439093254,0.11636009958086031,-0.0,0.1094775539896702,0,96,9.138097975171315
PF_ETHUSD,largo,2025-07-29T08:00:00Z,2025-07-29T20:00:00Z,stop,74.42904043016837,3878.3,3880.23915,3731.381069139663,4103.526271290505,3731.381069139663,3729.5153786050932,0.0428033901444176,166.0873901910933,637.1630511214255,-6.288628317215729,0.08304369509554667,0.07981795090001957,0.16286007383848694,0.0,0.017705524114723887,0,12,-6.632055561164505
PF_ETHUSD,largo,2025-07-30T04:00:00Z,2025-08-01T04:00:00Z,stop,77.35182607774759,3817.0,3818.9085,3664.204847844505,4050.963978233243,3664.204847844505,3662.3727454205828,0.040757343913672056,155.6485671093455,630.530995560261,-6.227524564743364,0.07782428355467275,0.07463429276258302,0.15245701943611456,0.0,0.06696506761368486,0,48,-6.599405228110419
PF_SOLUSD,corto,2025-07-31T16:00:00Z,2025-08-01T04:00:00Z,tp,4.228085419716479,177.35,177.261325,185.71749583943296,164.57706874085056,164.57706874085056,164.65935727522097,0.7564524247222117,134.089759105722,639.6690935354322,9.66211482179372,0.06704487955286101,0.06227848503202093,0.1293257801135874,-0.0,0.015059227892106276,0,12,9.388406449203144
PF_SOLUSD,corto,2025-08-04T00:00:00Z,2025-08-04T20:00:00Z,stop,3.650122473465754,161.9,161.81905,169.11929494693152,150.86868257960273,169.11929494693152,169.203854594405,0.870087584516231,140.79674634321123,635.1852492252457,-6.281418902285872,0.07039837317160562,0.07361108656744071,0.14400788938432074,-0.0,0.0269222802361997,0,20,-6.596358531645439
PF_XBTUSD,corto,2025-08-04T00:00:00Z,2025-08-07T12:00:00Z,stop,1083.275938761943,114238.0,114180.88100000001,116347.4328775239,110931.05318371418,116347.4328775239,116405.60659396266,0.002931779551714163,334.7531721125082,635.1852492252457,-6.184392176038128,0.1673765860562541,0.1706377885585315,0.3380128285167416,-0.0,0.2405969011338497,0,84,-7.101016280303504
PF_ETHUSD,corto,2025-08-04T12:00:00Z,2025-08-04T20:00:00Z,stop,67.3508531907772,3556.6,3554.8217,3689.523406381554,3352.7691404276684,3689.523406381554,3691.368168084745,0.04715495195183554,167.62744646084235,635.1852492252457,-6.267996841196502,0.08381372323042117,0.08703314430128567,0.17084530053249652,-0.0,0.01225755693864171,0,8,-6.621946566199347
PF_ETHUSD,corto,2025-08-05T04:00:00Z,2025-08-07T12:00:00Z,stop,71.269083662583,3651.9,3650.07405,3792.612217325166,3436.2667990122513,3792.612217325166,3794.5085234338285,0.043635115828908846,159.27140395584442,621.9669441274009,-6.1399939015262115,0.07963570197792222,0.08278690946690849,0.1624210764463553,-0.0,0.08017849092047273,0,56,-6.54501608033787
PF_SOLUSD,corto,2025-08-05T04:00:00Z,2025-08-08T00:00:00Z,stop,3.614705105793162,167.99,167.90600500000002,175.13541521158635,157.06188968262055,175.13541521158635,175.22298291919213,0.860328748713963,144.45436318321043,621.9669441274009,-6.147406128025793,0.07222718159160522,0.07537468482039834,0.14760032956047156,-0.0,0.09281264534945244,0,68,-6.535420969347721
PF_XBTUSD,largo,2025-08-10T04:00:00Z,2025-08-11T04:00:00Z,tp,959.0154883274884,118592.0,118651.29599999999,116733.26502334501,121528.34246498246,121528.34246498246,121467.57829374998,0.0031375170584935943,372.27046521237276,601.7854907974119,9.212824573461596,0.18613523260618636,0.19055329947527339,0.37669083528760317,0.0,0.07624590382463256,0,24,8.3831993022679
PF_ETHUSD,largo,2025-08-10T20:00:00Z,2025-08-12T20:00:00Z,tp,81.74680376666198,4251.9,4254.025949999999,4090.5323424666753,4499.266361299985,4499.266361299985,4497.016728119335,0.03680789113878678,156.581724069174,601.7854907974119,9.10503409812766,0.078290862034587,0.0827628510889598,0.1610559893820713,0.0,0.06833456761711414,0,48,8.714589828004929
PF_SOLUSD,largo,2025-08-10T20:00:00Z,2025-08-12T00:00:00Z,stop,3.9411741801777898,182.91,183.001455,175.1191066396444,194.82497754053335,175.1191066396444,175.0315470863246,0.7634596484267346,139.7142264958809,601.7854907974119,-5.948032705827265,0.06985711324794046,0.06681476170105642,0.1366703879408204,0.0,0.03677777096636269,0,28,-6.258152739683445
PF_SOLUSD,largo,2025-08-12T08:00:00Z,2025-08-12T20:00:00Z,tp,3.9710003917979173,175.94,176.02796999999998,168.08596921640415,187.94097117539374,187.94097117539374,187.84700068980607,0.7604010045017507,133.85184520840403,603.9105373599964,9.125550536765958,0.066925922604202,0.0714195240085848,0.138347728000421,0.0,0.015372042720754911,0,12,8.833485319431997
PF_XBTUSD,largo,2025-08-12T12:00:00Z,2025-08-13T16:00:00Z,tp,1160.5309847426292,118533.0,118592.2665,116271.20453051473,122073.85945422789,122073.85945422789,122012.82252450078,0.002601871666071568,308.5618580215584,603.9105373599964,9.212861887497178,0.15428092901077922,0.1587308529119587,0.31301408513820983,0.0,0.07444945729700818,0,28,8.512386563139222
PF_XBTUSD,largo,2025-08-15T04:00:00Z,2025-08-18T04:00:00Z,stop,1469.2289534409945,119105.0,119164.55249999999,116226.094593118,123572.23936032297,116226.094593118,116167.98154582144,0.002143883012906718,255.47485984538073,629.9709990705726,-6.172036397579616,0.12773742992269038,0.12452528113987385,0.2522611680534648,0.0,0.15533086293705162,0,72,-6.831891139632697
PF_ETHUSD,largo,2025-08-15T08:00:00Z,2025-08-15T16:00:00Z,stop,109.17354656161567,4645.5,4647.822749999999,4429.475656876768,4975.343389684846,4429.475656876768,4427.26091904833,0.028851815247891936,134.09812328794902,629.9709990705726,-6.232694436838705,0.0670490616439745,0.06386725704529733,0.13091476051566264,0.0,0.009662554981540738,0,8,-6.50418807102518
PF_SOLUSD,largo,2025-08-15T08:00:00Z,2025-08-15T16:00:00Z,stop,6.054354302514629,197.17,197.26858499999997,185.15987639497072,215.43164790754386,185.15987639497072,185.06729645677325,0.5202627461106125,102.63149575345477,629.9709990705726,-6.248419887880415,0.05131574787672738,0.04814180993493384,0.09945599570668925,0.0,0.007728605076648802,0,8,-6.455062046475414
PF_ETHUSD,largo,2025-08-16T04:00:00Z,2025-08-19T08:00:00Z,stop,114.41280125747824,4435.2,4437.4176,4208.591997485043,4780.656003772435,4208.591997485043,4206.4877014863005,0.026964279441272006,119.65176816401856,617.011748953072,-6.110321503441764,0.059825884082009284,0.056712454924575294,0.11653681142620871,0.0,0.08133626920850867,0,76,-6.4247329230830665
PF_SOLUSD,largo,2025-08-16T04:00:00Z,2025-08-23T08:00:00Z,tp,5.844258032448465,187.28,187.37364,175.68512393510306,204.9064140973454,204.9064140973454,204.80396089029674,0.5278785994109962,98.91053464974021,617.011748953072,9.304606786344923,0.049455267324870114,0.05405581401429715,0.10351340749086385,0.0,0.15999668679407822,0,172,8.937585610720813
PF_ETHUSD,corto,2025-08-21T04:00:00Z,2025-08-22T16:00:00Z,stop,101.10508169013183,4294.7,4292.55265,4494.762813380264,3989.237404929604,4494.762813380264,4497.010194786953,0.02985780312906293,128.16619194483735,603.7551248903562,-5.973436095354375,0.06408309597241868,0.0671354225326689,0.13121702514606376,-0.0,0.041428209278820495,0,36,-6.277299848284346
PF_XBTUSD,corto,2025-08-21T12:00:00Z,2025-08-22T16:00:00Z,stop,1061.2676773468252,113180.0,113123.41,115245.94535469366,109939.60696795952,115245.94535469366,115303.568327371,0.0028444997326204603,321.7795094981147,603.7551248903562,-5.876581009034588,0.16088975474905737,0.1639904846386959,0.324878770242501,-0.0,0.0766128263584109,0,28,-6.602952845023252
PF_ETHUSD,largo,2025-08-25T16:00:00Z,2025-08-26T00:00:00Z,stop,108.57237449312537,4613.4,4615.7067,4398.561951013749,4941.423823479376,4398.561951013749,4396.362670038243,0.027622701474846568,127.49828826954918,599.8124578077695,-5.934407292585653,0.06374914413477459,0.06071970680481288,0.12446736733776431,0.0,0.009001908990139787,0,8,-6.192345419853144
PF_XBTUSD,corto,2025-08-27T12:00:00Z,2025-09-01T08:00:00Z,tp,1328.1824525832437,111383.0,111327.3085,113983.67340516648,107342.76114225027,107342.76114225027,107396.43252282139,0.0022347084590424947,248.78407802738343,593.6201123879164,9.028755951965515,0.12439203901369171,0.11999985811486771,0.24439415431754744,-0.0,0.24349452322436235,0,116,8.296475377295046
PF_SOLUSD,largo,2025-08-30T00:00:00Z,2025-09-10T16:00:00Z,tp,6.27854163791322,205.12,205.22256,192.66547672417354,224.05818491373964,224.05818491373964,223.9461558212828,0.47273725860422594,97.01635041814127,593.6201123879164,8.952785619061183,0.048508175209070636,0.05293384588895402,0.10144425929442942,0.0,0.2592665013374194,0,280,8.490632837331308
PF_ETHUSD,corto,2025-08-31T20:00:00Z,2025-09-02T00:00:00Z,tp,75.64208664122069,4456.0,4453.772,4605.056173282442,4226.845740076338,4226.845740076338,4228.959162946376,0.03923874517129111,174.76042455903155,593.6201123879164,8.991725610060373,0.08738021227951578,0.08296952546732471,0.170351985678243,-0.0,0.043656634158720634,0,28,8.607367252476568
PF_XBTUSD,corto,2025-09-02T12:00:00Z,2025-09-03T16:00:00Z,stop,1165.4426747148898,109764.0,109709.118,112040.00334942978,106212.78997585534,112040.00334942978,112096.0233511045,0.0026192792158011746,287.3588125612785,610.523955017688,-5.9614882682552865,0.14367940628063927,0.14680539206875556,0.2904833079773278,-0.0,0.06942085193348525,0,28,-6.611877226515495
PF_ETHUSD,corto,2025-09-04T04:00:00Z,2025-09-12T08:00:00Z,stop,80.98030583710413,4399.4,4397.2002999999995,4559.1609116742075,4154.259382488687,4559.1609116742075,4561.440492130045,0.037287589343387474,163.96099904702018,603.9120777911725,-5.957099267633059,0.0819804995235101,0.0850425599424222,0.16702157019111538,-0.0,0.2860522984296221,0,196,-6.577196195719729
PF_XBTUSD,largo,2025-09-05T00:00:00Z,2025-09-11T04:00:00Z,tp,1195.2257455264134,110738.0,110793.36899999999,108402.91750894717,114379.04623657923,114379.04623657923,114321.85671346095,0.002526351528368356,279.90299710622924,603.9120777911725,9.198562724641798,0.13995149855311462,0.14440859871698014,0.2843623969107759,0.0,0.3562510008084759,0,148,8.273589229652451
PF_SOLUSD,largo,2025-09-14T04:00:00Z,2025-09-15T08:00:00Z,stop,4.335856991251704,247.09,247.21354499999998,238.54183101749658,260.2211159737551,238.54183101749658,238.42256010198784,0.7081634667627198,175.0676010579016,614.0991036624365,-6.053500981123178,0.08753380052895081,0.08442107335813331,0.17195336051183882,0.0,0.045912008889419,0,28,-6.4433212244115206
PF_XBTUSD,largo,2025-09-14T08:00:00Z,2025-09-15T16:00:00Z,stop,731.3932955243912,115888.0,115945.94399999999,114483.1574089512,118140.12388657316,114483.1574089512,114425.91583024673,0.004198145562861241,486.75795033535786,614.0991036624365,-5.89773369013001,0.24337897516767892,0.24018832540954205,0.48356582614379845,0.0,0.13251458266149851,0,32,-6.997381399512527
PF_ETHUSD,largo,2025-09-14T20:00:00Z,2025-09-15T16:00:00Z,stop,60.29361483970401,4618.2,4620.509099999999,4499.921870320592,4801.389944519111,4499.921870320592,4497.671909385432,0.05092571620519636,235.30273515012723,614.0991036624365,-6.023398465334958,0.11765136757506361,0.11452358162072307,0.23217344334617038,0.0,0.042253327529608496,0,20,-6.530000185406523
PF_SOLUSD,largo,2025-09-15T08:00:00Z,2025-09-18T20:00:00Z,tp,4.69750939030664,238.05,238.169025,228.77400621938673,252.2615531709199,252.2615531709199,252.13542239433446,0.6467850641149638,154.04416810482343,607.655782438025,9.191820328826644,0.07702208405241172,0.08153871266948655,0.1585630946769805,0.0,0.12278927197947787,0,84,8.751907165448287
PF_ETHUSD,largo,2025-09-16T00:00:00Z,2025-09-17T20:00:00Z,stop,61.13189031701882,4525.5,4527.76275,4405.498969365962,4711.1584209510565,4405.498969365962,4403.296219881279,0.04859398243470508,220.02202354201196,594.128400853106,-5.831327974776959,0.11001101177100599,0.10698684958185709,0.21699640352086938,0.0,0.08688506060767943,0,44,-6.35220730025837
PF_XBTUSD,largo,2025-09-16T00:00:00Z,2025-09-18T04:00:00Z,tp,774.7994531881147,115418.0,115475.70899999999,113926.11009362376,117800.10735956434,117800.10735956434,117741.20730588457,0.0038340786019427963,442.7429449210731,594.128400853106,9.133186854836088,0.22137147246053654,0.22571452174920142,0.4470882775064517,0.0,0.19761925344107106,0,52,8.041393329678828
PF_ETHUSD,corto,2025-09-25T00:00:00Z,2025-09-25T16:00:00Z,tp,63.84986744253647,4154.1,4152.0229500000005,4279.722684885073,3960.473347672391,3960.473347672391,3962.4535843462268,0.04734305005347698,196.56943034503516,604.5694940479748,9.1668762928332,0.09828471517251758,0.09379731918914133,0.19208432608073212,-0.0,0.02771534692165993,0,16,8.754994585469149
PF_XBTUSD,corto,2025-09-25T00:00:00Z,2025-09-25T20:00:00Z,tp,927.9809864884244,113383.0,113326.3085,115182.27047297684,110542.36554053472,110542.36554053472,110597.63672330498,0.0032574454802987295,369.1542714222645,604.5694940479748,9.253211881165988,0.18457713571113224,0.18013288593802532,0.36471233495212785,-0.0,0.06236997536784775,0,20,8.461419549196856
PF_SOLUSD,corto,2025-09-25T04:00:00Z,2025-09-26T00:00:00Z,tp,4.916525486491112,207.37,207.26631500000002,217.09936597298224,192.5167385405267,192.5167385405267,192.61299690979695,0.614834089347365,127.43439603540912,604.5694940479748,9.13229148327359,0.06371719801770456,0.05921251827575093,0.12293199936632632,-0.0,0.023607633211443397,0,20,8.862822134402366
PF_ETHUSD,corto,2025-09-27T08:00:00Z,2025-09-29T16:00:00Z,stop,75.1812700083451,4009.5,4007.4952500000004,4157.85779001669,3781.951439974965,4157.85779001669,4159.936718911698,0.04194187796023141,168.08187670170707,630.6487303170431,-6.222404323329656,0.08404093835085354,0.08723777909343997,0.17127716184321265,-0.0,0.08566432214199358,0,56,-6.650624524759156
PF_SOLUSD,corto,2025-09-27T08:00:00Z,2025-09-29T16:00:00Z,stop,5.1061721234296025,202.15,202.04892500000003,212.26126924685923,186.7304086297112,212.26126924685923,212.36739988148264,0.6175357146925383,124.77242730273409,630.6487303170431,-6.244069880807894,0.062386213651367046,0.06557222703160373,0.12795687966550057,-0.0,0.06709061752040643,0,56,-6.567075818676772
PF_XBTUSD,corto,2025-09-28T12:00:00Z,2025-09-29T00:00:00Z,stop,722.943627302281,109433.0,109378.2835,110824.17075460457,107209.45261809316,110824.17075460457,110879.58283998186,0.00436167293340946,477.07229864473663,630.6487303170431,-6.067831826109548,0.23853614932236833,0.2418102376704405,0.4803448700348523,-0.0,0.04911825062080381,0,12,-7.077641333758014
PF_ETHUSD,largo,2025-10-01T12:00:00Z,2025-10-02T20:00:00Z,tp,69.90678441586512,4300.4,4302.5502,4162.736631168269,4512.270553247595,4512.270553247595,4510.014417970971,0.04365480358880099,187.8269839119564,610.3533886398492,9.249167388274367,0.09391349195597821,0.0984418967995917,0.19235770104741695,0.0,0.054957526871782396,0,32,8.809496771599598
PF_SOLUSD,largo,2025-10-04T20:00:00Z,2025-10-08T08:00:00Z,stop,4.655051332779932,227.08,227.19354,217.88343733444015,241.1586939983398,217.88343733444015,217.77449561577293,0.6650441006433471,151.09372348127832,619.1628854114488,-6.116119746927445,0.07554686174063915,0.07241482178992513,0.14796015450062755,0.10415821319801183,0.052323553159753275,48,36,-6.568523351316402
PF_ETHUSD,largo,2025-10-05T00:00:00Z,2025-10-06T16:00:00Z,tp,63.54665946609804,4490.3,4492.54515,4365.451831067804,4683.185128398294,4683.185128398294,4680.843535834096,0.04871718597118157,218.8641575564798,619.1628854114488,9.396820671254924,0.1094320787782399,0.11401876251861638,0.22345319050202406,0.024648167348739376,0.06373807941799102,8,32,8.861530392689312
PF_XBTUSD,largo,2025-10-05T04:00:00Z,2025-10-07T16:00:00Z,stop,1096.980747552735,123856.0,123917.928,121723.96650489453,127208.8702426582,121723.96650489453,121663.10452164209,0.002822122843963968,349.7116153854822,619.1628854114488,-6.016860430633483,0.17485580769274112,0.17167411326905102,0.3465284167466845,0.1145218048527148,0.08335785250046673,32,28,-6.907798425695142
PF_ETHUSD,largo,2025-10-08T08:00:00Z,2025-10-09T16:00:00Z,stop,80.0887489917262,4465.3,4467.53265,4307.355152016547,4707.798896975179,4307.355152016547,4305.20147444054,0.03836669330985643,171.4044550343202,614.5480940271266,-6.059821542453028,0.0857022275171601,0.08258817230350096,0.16828888486527546,0.04480975223049167,0.0,32,0,-6.441210579369456
PF_XBTUSD,largo,2025-10-08T08:00:00Z,2025-10-10T16:00:00Z,stop,1320.1472697325657,121659.0,121719.82949999999,119079.53496053486,125680.27130919769,119079.53496053486,119019.9951930546,0.0023275740067682797,283.3119112524668,614.5480940271266,-6.003895777226575,0.14165595562623343,0.13851392354851974,0.28016837820080887,0.19143803643143445,0.0,56,0,-6.755672071033572
PF_ETHUSD,corto,2025-10-13T08:00:00Z,2025-10-17T08:00:00Z,tp,127.37535506645519,4181.0,4178.909500000001,4433.660210132911,3796.783434800635,3796.783434800635,3798.681826518035,0.02360547733362479,98.64515348151933,601.3512113767235,9.069615421016783,0.04932257674075966,0.044834848876761944,0.09415969302137685,-0.02299979413000977,0.0,96,0,8.904298096507894
PF_SOLUSD,corto,2025-10-13T12:00:00Z,2025-10-13T20:00:00Z,stop,7.931971754865032,192.7,192.60365,208.46759350973005,168.8077347354049,208.46759350973005,208.5718273064849,0.37906792280739526,73.00986553062258,601.3512113767235,-5.976988919404742,0.03650493276531128,0.03953144466660599,0.07603488318468743,0.002631870450959696,0.0,8,0,-6.131692050472306
PF_XBTUSD,corto,2025-10-13T12:00:00Z,2025-10-16T20:00:00Z,tp,2017.9387100622596,114271.0,114213.86450000001,118249.74192012454,108160.04836981323,108160.04836981323,108214.12839399814,0.0014900135677514458,170.1802077303252,601.3512113767235,9.105400840851102,0.08509010386516261,0.0806202597647271,0.1657126399800999,-0.0689267679097895,0.0,80,0,8.842904605150903
PF_SOLUSD,corto,2025-10-14T04:00:00Z,2025-10-17T00:00:00Z,tp,7.6641736591706655,205.86,205.75707000000003,221.08541731834137,182.76454902248804,182.76454902248804,182.85593129699927,0.3883129126478193,79.89812714958126,595.2195193262512,8.9682618379926,0.03994906357479063,0.035502659638433666,0.0754539652786838,0.014288125997520934,0.0,68,0,8.803068023503172
PF_SOLUSD,corto,2025-10-19T08:00:00Z,2025-10-21T16:00:00Z,stop,5.189657655215762,185.97,185.877015,196.25633031043154,170.30804203435272,196.25633031043154,196.35445847558674,0.5990470194373186,111.34907181765577,621.7697900514132,-6.161995513411761,0.055674535908827885,0.05881277655151449,0.11448577196146402,-0.033466524319634906,0.0,56,0,-6.357502073513933
PF_XBTUSD,corto,2025-10-19T08:00:00Z,2025-10-20T04:00:00Z,stop,1411.4033362772736,106808.0,106754.596,109577.40267255456,102520.38599116818,109577.40267255456,109632.19137389083,0.002202665156267085,235.14462888056954,621.7697900514132,-6.100066770508863,0.11757231444028478,0.12074150397223711,0.23831229339582924,-0.01443840282910248,0.0,20,0,-6.562254479488111
PF_ETHUSD,corto,2025-10-19T12:00:00Z,2025-10-21T20:00:00Z,stop,88.50272046844965,3925.5,3923.5372500000003,4100.5426909369,3658.0290885946515,4100.5426909369,4102.592962282368,0.035127156925818345,137.82270868504378,621.7697900514132,-6.1487520732580006,0.0689113543425219,0.07205621339442533,0.14096603054892892,-0.02679264636207774,0.0,56,0,-6.403893025181799
PF_XBTUSD,corto,2025-10-20T04:00:00Z,2025-10-21T16:00:00Z,stop,1519.9472744548361,110201.0,110145.8995,113185.79404890967,105586.0576766355,113185.79404890967,113242.38694593411,0.002023779199158679,222.91098028072233,615.2075355719251,-6.0405641099559935,0.11145549014036117,0.11458879358212988,0.2260427735814636,-0.04184956243604047,0.0,36,0,-6.450801604823908
PF_SOLUSD,largo,2025-10-21T16:00:00Z,2025-10-22T00:00:00Z,stop,5.052542495900007,196.21,196.30810499999998,186.20302000819996,211.4657324877,186.20302000819996,186.10991849819587,0.5961347503582769,117.0260831674814,602.3992318935872,-5.965508519251995,0.0585130415837407,0.05547329490156063,0.11398484510817153,0.010960661148340036,0.0,8,0,-6.204440361993808
PF_ETHUSD,corto,2025-10-24T16:00:00Z,2025-10-26T16:00:00Z,stop,84.56572357981119,3891.1,3889.15445,4058.2858971596224,3635.4572792605663,4058.2858971596224,4060.315040108202,0.03487174670419396,135.6216088738888,589.7908985064116,-5.830064258263778,0.0678108044369444,0.0707951388089412,0.138604485729821,-0.039239413712021165,0.0,48,0,-6.068035273527463
PF_XBTUSD,largo,2025-10-28T16:00:00Z,2025-10-29T00:00:00Z,stop,1143.4045112389545,114650.0,114707.325,112420.51597752208,118137.53853371686,112420.51597752208,112364.30571953332,0.0025525649824504446,292.79790102556245,583.7228632328842,-5.6909028447098935,0.14639895051278123,0.1434085960285185,0.2898061238155885,0.009604849433207965,0.0,8,0,-6.280121364499989
PF_ETHUSD,largo,2025-10-29T04:00:00Z,2025-10-29T20:00:00Z,stop,73.4439167090833,3998.6,4000.5993,3853.711466581833,4220.931050127249,3853.711466581833,3851.7846108485423,0.039311815582744374,157.27082190205624,577.4427418683841,-5.69583130578927,0.07863541095102812,0.07571032314306536,0.154344310136267,0.007229124292814182,0.0,16,0,-6.011750474312445
PF_SOLUSD,largo,2025-10-29T08:00:00Z,2025-10-30T16:00:00Z,stop,3.8911865223109956,195.69,195.78784499999998,188.00547195537797,207.46140456693297,188.00547195537797,187.9114692194003,0.7419880010344994,145.27223173840238,577.4427418683841,-5.701827602722648,0.0726361158692012,0.06971402770877934,0.14234871812107985,0.04481886707529267,0.0,32,0,-6.031345331497002
PF_XBTUSD,largo,2025-10-29T08:00:00Z,2025-10-29T20:00:00Z,stop,1201.2241057240676,113623.0,113679.8115,111277.36328855186,117283.4838171722,111277.36328855186,111221.72460690759,0.0024035595819162994,273.2362002012637,577.4427418683841,-5.637877593495815,0.13661810010063186,0.1336640209480943,0.27028071157932776,0.024323548139685437,0.0,12,0,-6.202763974263554
PF_ETHUSD,corto,2025-11-01T08:00:00Z,2025-11-03T12:00:00Z,tp,73.93625309870284,3858.4,3856.4708000000005,4004.343306197406,3634.6620407038918,3634.6620407038918,3636.4793717242437,0.0378161496324272,145.83687682588626,559.1968820883111,8.46090814719554,0.07291843841294313,0.06875882402817943,0.14167937766815933,0.0059327577846781,0.003963570334350493,49,3,8.167655178967228
PF_XBTUSD,corto,2025-11-01T20:00:00Z,2025-11-03T16:00:00Z,tp,1256.6032933933689,109931.0,109876.03450000001,112389.24108678674,106106.2246198199,106106.2246198199,106159.2777321298,0.002225033489201828,244.47785642319545,559.1968820883111,8.510253309575377,0.12223892821159771,0.11810397407173334,0.24034502984665843,-0.06526684169474556,0.002088874065811828,43,1,8.092743345074322
PF_ETHUSD,corto,2025-11-06T08:00:00Z,2025-11-10T00:00:00Z,stop,103.48686507101358,3379.8,3378.1101000000003,3585.0838301420276,3067.6495047869594,3585.0838301420276,3586.8763720570983,0.027803397088967226,93.92293652055079,575.4572806123526,-5.707587845382888,0.046961468260275405,0.04986367404066883,0.09682371540398288,-0.0134393674295528,0.0,88,0,-5.887797335658263
PF_SOLUSD,corto,2025-11-06T08:00:00Z,2025-11-10T16:00:00Z,stop,5.502136775475546,158.94,158.86053,169.8648035509511,142.35411967357336,169.8648035509511,169.94973595272657,0.5229398178334237,83.07449661912115,575.4572806123526,-5.713014778800314,0.04153724830956058,0.04443674197997865,0.08597256203584452,-9.88381976640854e-05,0.0,104,0,-5.884862492928034
PF_XBTUSD,corto,2025-11-06T08:00:00Z,2025-11-10T04:00:00Z,stop,1668.4627696443822,103190.0,103138.405,106475.33053928876,98133.01669106685,106475.33053928876,106528.5682045584,0.0017245133996457295,177.86356144058811,575.4572806123526,-5.66559653726879,0.08893178072029406,0.09185497165691749,0.18078533597807722,-0.09794741567713904,0.0,92,0,-5.92922120994694
PF_ETHUSD,largo,2025-11-13T08:00:00Z,2025-11-13T16:00:00Z,stop,85.63928742372741,3538.7,3540.46935,3369.190775152545,3797.387212271182,3369.190775152545,3367.506179764969,0.032564224688964805,115.29263941779317,557.7553995738194,-5.519936484784774,0.05764631970889658,0.05483011393967198,0.11247505366444735,0.001567034474254692,0.0,8,0,-5.746455006572044
PF_XBTUSD,largo,2025-11-13T08:00:00Z,2025-11-13T20:00:00Z,stop,1536.5215445682268,103465.0,103516.7325,100443.68941086355,108126.29713370468,100443.68941086355,100393.46756615811,0.0018149937485274655,187.88222235548992,557.7553995738194,-5.483659831642497,0.09394111117774497,0.09110675801278592,0.18504649827557298,0.015548258623833418,0.0,12,0,-5.869302457732434
PF_ETHUSD,corto,2025-11-16T12:00:00Z,2025-11-19T20:00:00Z,tp,83.92451942027614,3166.7,3165.11665,3332.965688840552,2913.3430917391715,2913.3430917391715,2914.799763285041,0.03253754956728222,102.98513988560525,546.1396421095149,8.243612960750074,0.05149256994280263,0.047420220888294756,0.09891485173433757,-0.07550730155418058,0.0009127616836809719,79,1,8.12037985805514
PF_SOLUSD,corto,2025-11-16T16:00:00Z,2025-11-21T08:00:00Z,tp,4.020658531206272,137.39,137.321305,145.36262206241253,125.25932940638118,125.25932940638118,125.32195907108436,0.6791669049617886,93.26408570216378,546.1396421095149,8.238750002179064,0.04663204285108189,0.042557263533028154,0.0891913660716106,-0.07641345320238944,0.0009132615825102627,111,1,8.135869521343222
PF_XBTUSD,corto,2025-11-16T16:00:00Z,2025-11-18T04:00:00Z,tp,1487.4568445481166,94535.0,94487.7325,97462.64618909624,90025.36196635565,90025.36196635565,90070.37464733882,0.0018358167637308157,173.462163290413,546.1396421095149,8.278869100522378,0.08673108164520651,0.08267635184654983,0.16940950320903148,-0.08698671182839159,0.0,36,0,8.027038875649982
PF_XBTUSD,corto,2025-11-19T08:00:00Z,2025-11-20T20:00:00Z,tp,1609.4307241637628,91851.0,91805.0745,95023.93594832753,86976.78232750871,86976.78232750871,87020.27071867246,0.0017216232816516595,158.05375363296508,554.1666809851648,8.391566624798962,0.07902687681648254,0.07490806202244835,0.15393703673058712,-0.07900760229518423,0.0,36,0,8.162702251524628
PF_XBTUSD,corto,2025-11-23T12:00:00Z,2025-11-26T20:00:00Z,stop,1793.9820069121129,86293.0,86249.85350000001,89837.81751382424,80867.90747926367,89837.81751382424,89882.73642258115,0.0016125736779600617,139.08424348201152,578.5856326160878,-5.716279415964792,0.06954212174100577,0.07247126742903824,0.14201196010019002,-0.007336701695067355,0.0,80,0,-5.9929680635399585
PF_ETHUSD,corto,2025-11-23T16:00:00Z,2025-11-25T00:00:00Z,stop,75.98042282230354,2835.4,2833.9823,2985.9431456446073,2606.0410315330896,2985.9431456446073,2987.4361172174295,0.038074652069865024,107.90289004465585,578.5856326160878,-5.731877891921435,0.053951445022327925,0.056872795372001066,0.110822807424856,-0.007285736947455126,0.0,32,0,-5.946239202793165
PF_SOLUSD,corto,2025-11-24T00:00:00Z,2025-11-25T00:00:00Z,stop,3.8851958278194507,130.53,130.46473500000002,138.2351266556389,118.80914751654167,138.2351266556389,138.30424421896672,0.7446029212648677,97.14442280304685,578.5856326160878,-5.7372598165045305,0.04857221140152342,0.051490872134386155,0.10006164922095545,0.009637910264678699,0.0,24,0,-5.947022459526074
PF_ETHUSD,corto,2025-11-25T04:00:00Z,2025-11-27T04:00:00Z,stop,74.56467948032663,2911.3,2909.8443500000003,3058.9737089606538,2686.1503115590203,3058.9737089606538,3060.503195815134,0.03800005410760776,110.57424274471674,566.6923709537684,-5.611608930775957,0.055287121372358375,0.05814964351874078,0.11343536198886646,-0.02442530868935252,0.0,48,0,-5.81405574896657
PF_SOLUSD,largo,2025-11-28T16:00:00Z,2025-11-29T20:00:00Z,stop,3.0687479249146037,141.68,141.75084,135.6133441501708,150.9570837747438,135.6133441501708,135.54553747809572,0.9040907899867715,128.15562891688845,554.885347141262,-5.484807679849953,0.06407781445844422,0.061272736028876555,0.12534917928540082,0.028632040833363202,0.0,28,0,-5.764139450456038
PF_ETHUSD,largo,2025-11-29T16:00:00Z,2025-12-01T04:00:00Z,stop,50.96221148537783,3007.9,3009.40395,2907.4795270292443,3162.2905844561333,2907.4795270292443,2906.02578726573,0.05444086225540572,163.83454591282387,554.885347141262,-5.466977136623608,0.08191727295641194,0.07910327479759528,0.1610191810097231,0.01967275344044901,0.0,36,0,-5.8086896188277874
PF_XBTUSD,largo,2025-11-29T16:00:00Z,2025-12-01T04:00:00Z,stop,1101.9702139644253,91080.0,91125.54,88921.59957207114,94431.45064189327,88921.59957207114,88877.1387722851,0.0025176966677938504,229.4264684089152,554.885347141262,-5.4341975651613215,0.11471323420445761,0.11188283806501693,0.22659471372008325,0.030512849794782873,0.0,36,0,-5.917901200945662
PF_SOLUSD,largo,2025-11-30T04:00:00Z,2025-12-01T04:00:00Z,stop,2.5277656590442583,136.43,136.498215,131.44268368191146,144.08151197713278,131.44268368191146,131.37696234007052,1.0861790247962053,148.26149805512276,549.1212076908059,-5.417118374731618,0.07413074902756138,0.07134945041761279,0.14547884516558046,0.019253382205780697,0.0,24,0,-5.727330801548153
PF_XBTUSD,largo,2025-12-05T12:00:00Z,2025-12-05T20:00:00Z,stop,1355.914026012592,91367.0,91412.6835,88700.85544797481,95480.42557803777,88700.85544797481,88656.50502025083,0.001960549400145179,179.2190818015861,531.6672860694844,-5.227108102173318,0.08960954090079305,0.08690772886821041,0.17651596299197791,0.0007067401254583094,0.0,8,0,-5.580848075059757
PF_ETHUSD,largo,2025-12-06T04:00:00Z,2025-12-07T16:00:00Z,stop,67.11849044692124,3039.1,3040.61955,2906.3825691061575,3241.9750213407638,2906.3825691061575,2904.9293778216047,0.03919087232827929,119.16453258292002,526.0864379944246,-5.201311889897808,0.05958226629146001,0.056923358184437146,0.11650432414792469,-0.018887417230145278,0.0,36,0,-5.415434421291485
PF_ETHUSD,largo,2025-12-07T20:00:00Z,2025-12-09T20:00:00Z,tp,64.00813892524381,3138.4,3139.9692,3011.9529221495122,3331.9936167757314,3331.9936167757314,3330.3276199673437,0.040672249835386844,127.70961177781976,520.6710035731331,7.873887948038682,0.06385480588890988,0.06772595849650052,0.1315827328573974,0.017748804830962167,0.0,48,0,7.592975645964913
PF_XBTUSD,corto,2025-12-08T16:00:00Z,2025-12-09T16:00:00Z,stop,1362.9206951093904,89986.0,89941.007,92666.84839021877,85852.24491467183,92666.84839021877,92713.18181441388,0.001910129494113167,171.7989702009388,520.6710035731331,-5.120767579402682,0.08589948510046941,0.08854709153839424,0.1744452964469688,-0.007518370727275154,0.0,24,0,-5.4621410817612395
PF_SOLUSD,corto,2025-12-08T20:00:00Z,2025-12-09T20:00:00Z,stop,3.1581271955027495,133.68,133.61316000000002,139.9294143910055,124.13877841349178,139.9294143910055,139.999379098201,0.8243350747787825,110.14201424002945,520.6710035731331,-5.15161147933312,0.05507100712001473,0.05770319931894932,0.11277291853609424,-0.0007485997876914754,0.0,24,0,-5.376410004520486
PF_ETHUSD,largo,2025-12-11T20:00:00Z,2025-12-12T20:00:00Z,stop,75.51867610791552,3195.4,3196.9977,3045.960347784169,3423.5537283237463,3045.960347784169,3044.437367610277,0.03425811036421109,109.52310004072902,517.4254281328163,-5.1195200983992715,0.054761550020364515,0.05214833566826058,0.1069086058086005,0.010126673435052152,0.0,24,0,-5.343465263331549
PF_SOLUSD,corto,2025-12-12T16:00:00Z,2025-12-17T20:00:00Z,tp,3.769264674794645,133.44,133.37328,140.91180934958928,122.06548597561606,122.06548597561606,122.12651871860386,0.6863744957907557,91.54401781195928,517.4254281328163,7.8071763283514075,0.045772008905979635,0.041912263854081006,0.08768622455414274,0.0031814124877058876,0.0,124,0,7.6286244185494985
PF_XBTUSD,corto,2025-12-12T16:00:00Z,2025-12-15T20:00:00Z,tp,1513.851721906793,89934.0,89889.03300000001,92916.7364438136,85347.47783427963,85347.47783427963,85390.15157319677,0.0017089699758741426,153.61765855736002,517.4254281328163,7.838228674897354,0.07680882927868002,0.07296460263696773,0.1497753914728165,-0.040785659361286926,0.0,76,0,7.579465510870176
PF_ETHUSD,corto,2025-12-15T16:00:00Z,2025-12-17T20:00:00Z,tp,63.19781278819756,3011.6,3010.0942,3136.489825576395,2820.5007616354073,2820.5007616354073,2821.911012016225,0.040514215625284906,121.95160547121947,512.0819628694848,7.742235748930821,0.060975802735609735,0.05716375560809564,0.11814149390264261,-0.023557410159024957,0.0,52,0,7.529512106843499
PF_XBTUSD,corto,2025-12-17T04:00:00Z,2025-12-17T16:00:00Z,stop,1196.6582536517958,87198.0,87154.401,89547.71750730359,83564.42623904461,89547.71750730359,89592.49136605723,0.0021713025702807137,189.238574902576,519.6614283803549,-5.101947663041877,0.09461928745128799,0.09726620339048636,0.19188421535485858,-0.01519833602828281,0.0,12,0,-5.470519033210227
PF_XBTUSD,corto,2025-12-18T20:00:00Z,2025-12-19T04:00:00Z,stop,1532.6085211929478,84442.0,84399.77900000001,87464.9960423859,79801.95343642117,87464.9960423859,87508.72854040709,0.0017269545306341648,145.75458072857225,529.3490458725377,-5.220576711487482,0.07287729036428613,0.07556179761144563,0.1484377828315539,-0.006774349121329296,0.0,8,0,-5.510679233173438
PF_ETHUSD,corto,2025-12-20T00:00:00Z,2026-01-02T20:00:00Z,stop,71.09554835116623,2977.5,2976.01125,3118.2023467023323,2762.724604946501,3118.2023467023323,3119.761447875683,0.03684044773464156,109.6375869133303,523.8383666393643,-5.18353744982869,0.054818793456665155,0.0574667042825069,0.1122842018548096,-0.2596406460298239,0.0,332,0,-5.148466503392848
PF_XBTUSD,corto,2025-12-20T00:00:00Z,2026-01-04T04:00:00Z,stop,1544.0558604751484,88100.0,88055.95000000001,91144.06172095031,83423.78241857457,91144.06172095031,91189.63375181078,0.0016963063968364618,149.36987126451166,523.8383666393643,-5.1636613696130205,0.07468493563225582,0.07734277952918538,0.15202642424609877,-0.4886225140056395,0.0,364,0,-4.979092995014921
PF_SOLUSD,corto,2025-12-20T12:00:00Z,2026-01-02T20:00:00Z,stop,2.9323552959026498,126.46,126.39677,132.2614805918053,117.59970411229206,132.2614805918053,132.3276113321012,0.893204120543166,112.89811578734682,523.8383666393643,-5.181906369851713,0.05644905789367342,0.05909778385173368,0.11554554626881462,-0.3406476538849885,0.0,320,0,-5.072351103980946
PF_XBTUSD,largo,2026-01-07T00:00:00Z,2026-01-07T12:00:00Z,stop,1099.0070598889204,93757.0,93803.87849999999,91605.86438022215,97100.89967966675,91605.86438022215,91560.06144803204,0.0023140818407862873,217.0698518321732,508.63845603697564,-4.977903874796481,0.10853492591608661,0.10593873776908377,0.2144724192092017,0.03150672950267383,0.0,12,0,-5.438356687193527
PF_ETHUSD,largo,2026-01-08T00:00:00Z,2026-01-08T16:00:00Z,stop,53.370283795815645,3166.7,3168.2833499999997,3061.5427824083686,3328.3942013874466,3061.5427824083686,3060.0120110171647,0.04714234809720407,149.36031655627582,503.20009934978214,-4.957358156638112,0.07468015827813791,0.07212807570249832,0.14680699464109706,0.0016610346294945982,0.0,16,0,-5.252634419889341
PF_SOLUSD,largo,2026-01-08T00:00:00Z,2026-01-14T00:00:00Z,tp,2.7254605834202006,136.28,136.34814,130.8972188331596,144.5245217502606,144.5245217502606,144.45225948938545,0.923146902969172,125.86936316660709,503.20009934978214,7.61090472021504,0.06293468158330354,0.06667532798726268,0.1296119122967463,0.12797039712866273,0.0,144,0,7.223712401219065
PF_XBTUSD,largo,2026-01-08T04:00:00Z,2026-01-13T20:00:00Z,tp,1088.0550013929899,90740.0,90785.37,88609.25999721402,94049.53500417896,94049.53500417896,94002.51023667688,0.002312383559220613,209.93059700576023,503.20009934978214,7.652914332328559,0.10496529850288012,0.1086849295983795,0.2136521413298427,0.280591897875158,0.0,136,0,6.945020065022299
PF_SOLUSD,largo,2026-01-16T04:00:00Z,2026-01-19T04:00:00Z,stop,2.6698993596027623,141.87,141.940935,136.60113628079446,149.9506330788083,136.60113628079446,136.53283571265408,0.9590552459481635,136.12919832653728,512.1161973961342,-5.053131390090026,0.06806459916326864,0.06547126616719982,0.13353460204762094,0.022220779408059183,0.0,72,0,-5.342422636876174
PF_XBTUSD,largo,2026-01-16T12:00:00Z,2026-01-19T04:00:00Z,stop,1078.8331362665265,95430.0,95477.715,93320.04872746694,98714.21440879957,93320.04872746694,93273.38870310322,0.002373472690913044,226.61374914327868,512.1161973961342,-5.007911724514436,0.11330687457163935,0.11069092043786635,0.2239965430315746,0.10289375035394606,0.0,64,0,-5.558799812909463
PF_ETHUSD,largo,2026-01-16T20:00:00Z,2026-01-20T00:00:00Z,stop,53.38804806080811,3275.6,3277.2378,3170.4617038783836,3437.4019441824244,3170.4617038783836,3168.8764730264447,0.04796168955389063,157.1818619578755,512.1161973961342,-5.042610318809986,0.07859093097893775,0.0759923348169611,0.15458200514331916,0.05506120078651676,0.0,76,0,-5.406836790535721
PF_ETHUSD,corto,2026-01-22T08:00:00Z,2026-01-25T20:00:00Z,tp,65.28601901646988,2999.2,2997.7004,3128.27243803294,2801.8423429505906,2801.8423429505906,2803.2432641220657,0.037971999642889394,113.8286785182894,495.8081381558129,7.494064883001655,0.0569143392591447,0.05322237611208759,0.11013858888745302,-0.08484214961864299,0.0,84,0,7.358631728361612
PF_SOLUSD,corto,2026-01-22T08:00:00Z,2026-01-25T20:00:00Z,tp,2.475902678705227,129.68,129.61516,134.56696535741045,122.18745196388431,122.18745196388431,122.24854568986625,1.001267421413946,129.77943702935605,495.8081381558129,7.502044251941686,0.06488971851467804,0.06120174305724868,0.1260933370829897,-0.09758962553294695,0.0,84,0,7.347449078819716
PF_XBTUSD,corto,2026-01-22T08:00:00Z,2026-01-26T00:00:00Z,tp,1211.5035673652585,89740.0,89695.13,92118.13713473052,86060.61929790422,86060.61929790422,86103.64960755318,0.002046251251385423,183.53877200567823,495.8081381558129,7.528937365986858,0.09176938600283913,0.08809485037915385,0.17986611861633447,-0.1854716211260123,0.0,88,0,7.354678632114544
PF_ETHUSD,corto,2026-01-27T08:00:00Z,2026-01-28T00:00:00Z,stop,48.581921202844505,2925.6,2924.1372,3021.3010424056893,2778.3914363914664,3021.3010424056893,3022.8116929268917,0.053298519775787215,155.85218438131506,517.8688975951088,-5.100723901223085,0.07792609219065753,0.08055569439697238,0.1584805114066546,-0.021842026547574757,0.0,16,0,-5.395844172669794
PF_XBTUSD,corto,2026-01-27T08:00:00Z,2026-01-28T16:00:00Z,stop,961.5933541192225,88231.0,88186.8845,90110.07120823844,85302.10443764234,90110.07120823844,90155.12624384256,0.0026927645421876596,237.46651566759851,517.8688975951088,-5.0598963217902,0.11873325783379925,0.12138326362293568,0.24011525648265447,-0.06483874684597354,0.0,32,0,-5.475289352883616
PF_SOLUSD,corto,2026-01-27T12:00:00Z,2026-01-28T12:00:00Z,stop,2.011777271782959,124.01,123.947995,127.97154954356593,117.91266318465112,127.97154954356593,128.0355353183377,1.2870930218237875,159.5325994335497,517.8688975951088,-5.098882773132909,0.07976629971677486,0.08239682202685278,0.16216184702293435,-0.03143737432899096,0.0,24,0,-5.391770367570481
PF_ETHUSD,corto,2026-02-03T08:00:00Z,2026-02-05T16:00:00Z,tp,88.03318039813406,2320.8,2319.6396000000004,2495.7059607962688,2055.540058805598,2055.540058805598,2056.567828835001,0.02848959854872044,66.08560098171446,501.60599370198497,7.557149235685705,0.033042800490857234,0.029295395915861392,0.06234008569402755,-0.004628958612123857,0.0005790173187910542,55,1,7.436520894878291
PF_SOLUSD,corto,2026-02-03T12:00:00Z,2026-02-04T16:00:00Z,tp,3.510391798069251,102.9,102.84855000000002,109.86933359613852,92.31737460579227,92.31737460579227,92.36353329309516,0.7144587022706027,73.48104156341321,501.60599370198497,7.560848805761586,0.03674052078170661,0.03299496506685619,0.06973737606076423,0.030972862693276412,0.0006506186410977058,27,1,7.389752462517886
PF_XBTUSD,corto,2026-02-03T12:00:00Z,2026-02-04T20:00:00Z,tp,1758.795658181571,78011.0,77971.9945,81489.58581636315,72695.60752545529,72695.60752545529,72731.955329218,0.0014259928132316357,111.18750379033663,501.60599370198497,7.579711468206283,0.05559375189516832,0.05185762279587463,0.10745326961891001,-0.012901892462732429,0.0009252994925265692,31,1,7.3767834168665365
PF_ETHUSD,corto,2026-02-07T08:00:00Z,2026-03-16T04:00:00Z,stop,98.86024928941514,2025.8,2024.7871,2222.5075985788303,1728.2063521317546,2222.5075985788303,2223.6188523781198,0.026492399839231004,53.641469442517014,523.8090504762476,-5.211256352965322,0.026820734721258507,0.029454499863626568,0.05627393177079683,0.05186691496108943,0.0004860079142284746,883,1,-5.376158442196322
PF_SOLUSD,corto,2026-02-07T08:00:00Z,2026-03-16T08:00:00Z,stop,4.5019787910795,85.2,85.15740000000001,94.16135758215901,71.65146362676151,94.16135758215901,94.20843826095009,0.5817542405065917,49.54067856051604,523.8090504762476,-5.2133077741169025,0.02477033928025802,0.027403079224905577,0.05217211517822007,0.3498167166224545,0.00045882672079879496,887,1,-5.6679288511435395
PF_XBTUSD,corto,2026-02-07T08:00:00Z,2026-03-04T16:00:00Z,stop,2614.051537426539,68059.0,68024.97050000001,73253.07357485309,60182.8158877204,73253.07357485309,73289.70011164052,0.001001910335310227,68.1549210031233,523.8090504762476,-5.203995997007045,0.03407746050156166,0.03671485400681987,0.07079101350938226,0.029540566635159846,0.0005869168113731639,607,1,-5.375706808471341
PF_XBTUSD,corto,2026-03-10T00:00:00Z,2026-03-10T12:00:00Z,stop,1169.564295158367,68420.0,68385.79000000001,70724.91859031674,64877.097114524906,70724.91859031674,70760.28104961189,0.0022163524733694816,151.567014809826,518.4333436677763,-5.108512018563801,0.07578350740491299,0.07841486196031348,0.1541970922372218,0.011233346109190686,0.0,12,0,-5.428140826275441
PF_XBTUSD,largo,2026-03-12T16:00:00Z,2026-03-16T04:00:00Z,tp,1200.67851517243,70316.0,70351.158,67949.80096965513,73953.19354551728,73953.19354551728,73916.21694874452,0.0021363137440992184,150.29214574869567,513.0052028415008,7.770186561237529,0.07514607287434784,0.07895411508971126,0.1541021305106994,-0.047550552122783356,0.0,84,0,7.509534794885554
PF_ETHUSD,largo,2026-03-19T00:00:00Z,2026-03-19T16:00:00Z,stop,50.47766440012525,2203.3,2204.4016500000002,2103.44632119975,2355.834643200376,2103.44632119975,2102.39459803915,0.0504649587493377,111.24503833422197,509.47065034304654,-5.039111781624245,0.05562251916711099,0.053048628332438064,0.10866988772160364,-0.0085194702636378,0.0,16,0,-5.2479333465817595
PF_SOLUSD,largo,2026-03-19T00:00:00Z,2026-03-23T00:00:00Z,stop,2.024976643753481,90.09,90.135045,86.08509171249304,96.20997493126045,86.08509171249304,86.0420491666368,1.257966732393258,113.38688803276926,509.47065034304654,-5.038041391969815,0.05669344401638463,0.054119017719287066,0.1108112022253237,-0.07446858426009537,0.0,96,0,-5.185196471670715
PF_XBTUSD,corto,2026-03-21T16:00:00Z,2026-03-23T00:00:00Z,tp,944.0279663808558,70621.0,70585.68950000001,72473.74543276172,67753.60560085744,67753.60560085744,67787.48240365786,0.0026705920531651006,188.5055814458793,504.2227169964648,7.657640695640246,0.09425279072293966,0.0905163559056389,0.18477106103875246,0.005328029374923994,0.0,32,0,7.28277245859799
PF_ETHUSD,corto,2026-03-22T00:00:00Z,2026-03-23T12:00:00Z,stop,39.51828648625321,2084.4,2083.3578,2162.3943729725065,1964.8029405412406,2162.3943729725065,2163.4755701589925,0.06379612602533553,132.9101567646658,504.2227169964648,-4.975738847421043,0.0664550783823329,0.06901068006329887,0.13546451451091993,-0.002626781635090345,0.0,36,0,-5.244042338742505
PF_ETHUSD,corto,2026-03-24T04:00:00Z,2026-03-27T12:00:00Z,tp,49.49383727408405,2141.1,2140.02945,2239.017124548168,1991.547938177748,1991.547938177748,1992.5437121468367,0.0506200648648254,108.32842957163662,501.0762506446495,7.570335070110773,0.05416421478581831,0.05043134597743643,0.10459745334702228,0.013923139028923266,0.0,80,0,7.347218916971572
PF_SOLUSD,corto,2026-03-24T04:00:00Z,2026-03-27T12:00:00Z,tp,2.0617361403097982,90.3,90.25485,94.3783222806196,84.0696415790706,84.0696415790706,84.11167639986013,1.2151803541877026,109.67592059015799,501.0762506446495,7.571009152661314,0.054837960295078994,0.051105428359451734,0.10594528140681891,-0.016047044395144604,0.0,80,0,7.375167526995109
PF_XBTUSD,corto,2026-03-24T04:00:00Z,2026-03-27T12:00:00Z,tp,1190.5187751220205,70526.0,70490.73700000001,72871.77455024405,66919.18067463394,66919.18067463394,66952.64026497125,0.0021044449743906493,148.34387722074302,501.0762506446495,7.590352802801672,0.07417193861037151,0.07044907366390189,0.1446229098624741,-0.0730283704082478,0.0,80,0,7.374137251073172
PF_ETHUSD,corto,2026-03-29T16:00:00Z,2026-03-30T08:00:00Z,stop,31.374281070437007,1991.2,1990.2044,2052.952962140874,1896.081556788689,2052.952962140874,2053.9794386219446,0.0833760577915933,165.93539707148327,523.1727743396895,-5.148718540259597,0.08296769853574164,0.08562635418864381,0.1685927655447504,-0.004885285760061647,0.0,16,0,-5.481020072768671
PF_SOLUSD,corto,2026-03-29T16:00:00Z,2026-03-30T12:00:00Z,stop,1.4929721830760474,81.73,81.68913500000001,84.6750793661521,77.21021845077186,84.6750793661521,84.71741690583518,1.752118292190045,143.12902770668202,523.1727743396895,-5.160127429386558,0.07156451385334102,0.07421746791390199,0.14578069173538566,0.006245703269571033,0.0,20,0,-5.457935806158758
PF_XBTUSD,corto,2026-03-29T20:00:00Z,2026-03-30T12:00:00Z,stop,808.583923577431,66289.0,66255.8555,67873.02334715487,63830.103729267714,67873.02334715487,67906.95985882844,0.0032351173396139737,214.34546697900788,523.1727743396895,-5.124501396734088,0.10717273348950394,0.10984349165988298,0.21701494402403773,0.0077295117322824635,0.0,16,0,-5.566262077639795
PF_ETHUSD,corto,2026-03-30T20:00:00Z,2026-03-31T20:00:00Z,stop,38.815417079875274,2022.4,2021.3888000000002,2099.0196341597507,1904.9425487603744,2099.0196341597507,2100.0691439768307,0.06526627748717603,131.9285223302698,506.6675563831223,-5.000678304036194,0.0659642611651349,0.06853184774652404,0.13449485874208292,-0.004310280994813277,0.0,24,0,-5.265358990695122
PF_SOLUSD,corto,2026-03-30T20:00:00Z,2026-04-01T20:00:00Z,stop,1.6779832318283856,82.32,82.27884,85.63480646365677,77.24489030451484,85.63480646365677,85.6776238668886,1.509751548086213,124.22060606473782,506.6675563831223,-5.0045341901120075,0.06211030303236891,0.06467596263469166,0.12678501453351304,0.03570835680068259,0.0,48,0,-5.293813827113263
PF_XBTUSD,corto,2026-03-30T20:00:00Z,2026-03-31T20:00:00Z,stop,964.9689593859246,66495.0,66461.7525,68391.69041877185,63566.84562184223,68391.69041877185,68425.88626398123,0.0026253049461070197,174.4823675651906,506.6675563831223,-4.979390737635523,0.0872411837825953,0.08981940882529314,0.17705934776020404,-0.004971022678129401,0.0,24,0,-5.3285396553254865
PF_ETHUSD,largo,2026-04-02T20:00:00Z,2026-04-08T00:00:00Z,tp,45.69796529601865,2064.3,2065.33215,1973.9362194079629,2202.4260458880563,2202.4260458880563,2201.3248328651125,0.05369821618214879,110.90465227864216,490.7798439099885,7.4171222724822385,0.05545232613932108,0.05910360838116168,0.11455778880105087,-0.04499803269738439,0.0,124,0,7.233006581858089
PF_SOLUSD,corto,2026-04-04T20:00:00Z,2026-04-08T00:00:00Z,stop,1.3681309732341682,80.85,80.809575,83.54583694646833,76.70518208029749,83.54583694646833,83.58760986494156,1.7936142573755876,144.94120585246185,490.7798439099885,-4.83529158274547,0.07247060292623092,0.07496196439685375,0.14743135850018899,0.024057147169360853,0.0,76,0,-5.154212655738105
PF_ETHUSD,largo,2026-04-10T12:00:00Z,2026-04-11T20:00:00Z,tp,41.29387136569675,2215.9,2217.00795,2134.4202072686066,2340.8895640970904,2340.8895640970904,2339.719119315042,0.05967697161055372,132.30432049252192,492.85863783610847,7.4589986682375455,0.06615216024626096,0.06981367573001676,0.13596770072594477,0.02392223684711115,0.0,32,0,7.163142894688211
PF_ETHUSD,largo,2026-04-12T20:00:00Z,2026-04-14T00:00:00Z,tp,38.087764816690424,2199.2,2200.2996,2124.124070366619,2314.5628944500713,2314.5628944500713,2313.4056130028466,0.06564073569784311,144.4292844996699,500.0217807307967,7.572505263935316,0.07221464224983495,0.07592682320251329,0.14814335857866423,0.00813948181076417,0.0,28,0,7.268080958093538
PF_XBTUSD,largo,2026-04-12T20:00:00Z,2026-04-14T00:00:00Z,tp,835.9515951714822,71110.0,71145.555,69473.65180965702,73653.40978551444,73653.40978551444,73616.58308062168,0.0029907340545730116,212.77743416999718,500.0217807307967,7.6066622602722616,0.10638871708499859,0.11008381100025932,0.21647442975082298,-0.042134317047064315,0.0,28,0,7.215849619483245
PF_SOLUSD,largo,2026-04-15T16:00:00Z,2026-04-16T20:00:00Z,tp,1.391505601580093,84.06,84.10203,81.31901879683981,88.27654680474028,88.27654680474028,88.23240853133791,1.8487374780386732,155.48257484013283,514.5057113083735,7.795288105827562,0.07774128742006642,0.08155928021475178,0.15930251645684465,0.054833716301853234,0.0,28,0,7.421851305434047
PF_ETHUSD,largo,2026-04-16T20:00:00Z,2026-04-20T00:00:00Z,stop,41.96882650325671,2360.1,2361.28005,2277.3423969934865,2487.18652950977,2277.3423969934865,2276.20372579499,0.06218038555036879,146.82530390139408,521.9275626138076,-5.14589966216936,0.07341265195069704,0.0707676126305592,0.1441789781063407,-0.05039992020502198,0.0,76,0,-5.383858984651935
PF_XBTUSD,largo,2026-04-16T20:00:00Z,2026-04-22T08:00:00Z,tp,1027.8544963796116,75371.0,75408.68549999999,73352.97650724078,78492.24898913882,78492.24898913882,78453.00286464427,0.002538917543544252,191.45643455156105,521.9275626138076,7.924593816294325,0.09572821727578053,0.09959285265838641,0.195323051082621,-0.15327716075289927,0.0,132,0,7.687226856030437
PF_SOLUSD,largo,2026-04-19T12:00:00Z,2026-04-20T00:00:00Z,stop,1.463358547585026,85.66,85.70282999999999,82.77611290482994,90.09290564275507,82.77611290482994,82.73472484837754,1.7833208528256534,152.83564388517198,521.9275626138076,-5.142895994011555,0.07641782194258599,0.07377128003745222,0.1501878162560397,0.002382830434629663,0.0,12,0,-5.445655742682263
PF_SOLUSD,corto,2026-04-21T04:00:00Z,2026-04-22T08:00:00Z,stop,1.4053499020673779,85.17,85.12741500000001,87.93811480413477,80.91136529379789,87.93811480413477,87.98208386153684,1.8184014071321626,154.7958112215236,511.09804788647335,-5.0335438549420335,0.0773979056107618,0.07999337254811927,0.1573900197729173,0.03349660003543068,0.0,28,0,-5.3818217529092625
PF_ETHUSD,corto,2026-04-21T08:00:00Z,2026-04-22T08:00:00Z,stop,39.603889533313854,2318.8,2317.6406,2396.848379066628,2198.8289314000585,2396.848379066628,2398.046803256161,0.06452624400143195,149.54864286322515,511.09804788647335,-5.036168751569466,0.07477432143161257,0.07736847657688047,0.15214153896630514,-0.003659454810841198,0.0,24,0,-5.336793633733422
PF_XBTUSD,largo,2026-04-24T20:00:00Z,2026-04-28T16:00:00Z,stop,985.9449752824656,77655.0,77693.8275,75721.93754943507,80651.66242584739,75721.93754943507,75684.07658066036,0.0025765467246805737,200.18177677302248,508.0666593558612,-4.980625725606079,0.10009088838651126,0.09750177981218709,0.19759142304226693,-0.03375589330875846,0.0,92,0,-5.342053923538286
PF_SOLUSD,corto,2026-04-25T16:00:00Z,2026-04-28T16:00:00Z,tp,1.0327130877300519,86.26,86.21687000000001,88.28229617546012,83.11873073680985,83.11873073680985,83.16029010217825,2.4598635641996838,212.08173713234083,508.0666593558612,7.727093805861846,0.10604086856617043,0.10228148380531195,0.20832428414493384,-0.026780244631568056,0.0,72,0,7.337227413976998
PF_ETHUSD,corto,2026-04-27T08:00:00Z,2026-04-29T20:00:00Z,tp,31.793946802991176,2315.6,2314.4422,2378.0300936059825,2219.0603595910266,2219.0603595910266,2220.169889770822,0.07989990398236155,184.92370955272563,508.0666593558612,7.713507999168682,0.0924618547763628,0.08869568050860945,0.18115946366197205,-0.0008516550146378398,0.0,60,0,7.352042655236375
PF_SOLUSD,corto,2026-05-01T20:00:00Z,2026-05-04T08:00:00Z,stop,0.9941610828110051,83.89,83.848055,85.83637716562201,80.86557175156699,85.83637716562201,85.87929535420481,2.602263780224332,218.1947565687577,517.4138755015363,-5.064986800753854,0.10909737828437886,0.11174028988571748,0.22083640192339615,-0.004099403119998326,0.0,60,0,-5.502561467727348
PF_ETHUSD,largo,2026-05-06T12:00:00Z,2026-05-06T16:00:00Z,stop,32.907288063211176,2410.2,2411.4050999999995,2345.5905238735772,2510.126964189633,2345.5905238735772,2344.4177286116405,0.07778084189898682,187.56111883751046,511.91131403380894,-5.025379447765638,0.09378055941875524,0.0911753923471619,0.1849546954210552,0.0021272202498990615,0.0,4,0,-5.397417315202509
PF_ETHUSD,largo,2026-05-07T08:00:00Z,2026-05-08T04:00:00Z,stop,34.07614704225523,2344.0,2345.172,2277.01970591549,2447.4004411267656,2277.01970591549,2275.881196062532,0.07432088728965121,174.2952638868459,506.5138967186064,-4.978034887282575,0.08714763194342295,0.08457275492860002,0.17171914236330116,0.013351383405578987,0.0,20,0,-5.334825799923478
PF_XBTUSD,largo,2026-05-07T08:00:00Z,2026-05-07T20:00:00Z,stop,938.3795345385406,81505.0,81545.7525,79668.99343092291,84360.89110361562,79668.99343092291,79629.15893420746,0.002698875444719128,220.08182904339347,506.5138967186064,-4.955153045625162,0.11004091452169674,0.10745459086558466,0.21749426659902,-0.0008375351362821411,0.0,12,0,-5.389305282475181
PF_XBTUSD,largo,2026-05-08T04:00:00Z,2026-05-11T00:00:00Z,tp,962.069004948493,79562.0,79601.781,77677.64299010302,82487.98801484548,82487.98801484548,82446.74402083807,0.0025766850563008793,205.10871955763528,495.7897656362078,7.539349592767832,0.10255435977881765,0.10621964662957867,0.20877589124579446,0.01758413188232678,0.0017675934724281108,67,1,7.102447969758886
PF_SOLUSD,largo,2026-05-08T12:00:00Z,2026-05-08T20:00:00Z,tp,1.2843477832254948,88.64,88.68432,86.11562443354902,92.53736334967648,92.53736334967648,92.49109466800165,1.9301227133007837,171.17162034563495,495.7897656362078,7.522389523196602,0.08558581017281748,0.0892595812983815,0.17484727206857978,0.014251800027247356,0.0,8,0,7.1584450596295754
PF_ETHUSD,corto,2026-05-10T04:00:00Z,2026-05-11T00:00:00Z,stop,24.436549996547026,2327.7,2326.53615,2375.409249993094,2253.226500010359,2375.409249993094,2376.5969546180904,0.10290900531517456,239.42152102629575,502.94821069583736,-4.909711461122312,0.11971076051314788,0.12228661431741038,0.24199614740269298,-0.04506948180579818,0.0,20,0,-5.348635501549764
PF_ETHUSD,corto,2026-05-11T04:00:00Z,2026-05-13T16:00:00Z,tp,28.98339072318446,2330.9,2329.73455,2387.701331446369,2242.784377830447,2242.784377830447,2243.905770019362,0.08706745666584899,202.8440619750562,504.70202316404647,7.6720031148319014,0.1014220309875281,0.09768558419670466,0.19910953318501143,-0.13924036975396048,0.0,60,0,7.4130263362166176
PF_SOLUSD,largo,2026-05-11T16:00:00Z,2026-05-13T16:00:00Z,stop,1.6359022666814003,96.76,96.80838,93.5365754666372,101.7160868000442,93.5365754666372,93.48980717890389,1.5425799983390438,149.3346706596055,504.70202316404647,-4.972390211320825,0.07466733532980277,0.07210775330137555,0.14677384553362546,0.02250226355413723,0.0,48,0,-5.288441409039766
PF_ETHUSD,corto,2026-05-15T04:00:00Z,2026-05-16T08:00:00Z,tp,30.23116771649516,2273.5,2272.3632500000003,2332.8255854329905,2181.669746850515,2181.669746850515,2182.76058172394,0.08382517884260908,190.48125582662243,506.82660809122336,7.697687393417653,0.09524062791331121,0.09148514806680334,0.18672770040196293,-0.03312511214733451,0.0,28,0,7.35735902918291
PF_ETHUSD,corto,2026-05-19T12:00:00Z,2026-05-23T08:00:00Z,tp,33.30302722167187,2109.2,2108.1454,2174.7514544433434,2008.2363183349844,2008.2363183349844,2009.2404364941517,0.07719778200610576,162.74414902637463,514.1839671204062,7.794172287709718,0.08137207451318731,0.07755445260716415,0.15892847566342339,-0.10746702494444829,0.0,92,0,7.58378430987039
PF_SOLUSD,corto,2026-05-19T12:00:00Z,2026-05-21T08:00:00Z,stop,1.3881205188278074,84.33,84.287835,87.06407603765561,80.12347344351657,87.06407603765561,87.10760807567443,1.8520869050859026,156.10839546154122,514.1839671204062,-5.06374642685111,0.07805419773077062,0.08066543012515583,0.15871836191931973,-0.021784768291774698,0.0,44,0,-5.359399648334581
PF_XBTUSD,corto,2026-05-21T00:00:00Z,2026-05-23T08:00:00Z,tp,799.7272495274657,77489.0,77450.2555,79049.70999905493,75051.0737514176,75051.0737514176,75088.5992882933,0.0032147458238056897,248.98288542130865,514.1839671204062,7.837313226376542,0.12449144271065433,0.12069538048872991,0.24518878252769083,-0.02703676652435805,0.0,56,0,7.373974387173825
PF_SOLUSD,corto,2026-05-21T08:00:00Z,2026-05-23T08:00:00Z,tp,1.2283841926824302,86.56,86.51672,88.97348838536487,82.83156742195271,82.83156742195271,82.87298320566369,2.0711132986860905,179.18592935070086,508.82456747207164,7.722006295648207,0.08959296467535044,0.08581966880951955,0.1754145639864439,-0.017364969492551296,0.0,48,0,7.388544067669444
PF_ETHUSD,corto,2026-05-24T16:00:00Z,2026-05-28T04:00:00Z,tp,34.8582588460951,2093.6,2092.5532,2162.26971769219,1987.9784234617146,1987.9784234617146,1988.9724126734452,0.07619010355365013,159.43184499952196,531.1708702367853,8.047318853951744,0.07971592249976098,0.07577000704347157,0.15548794137294605,-0.08671508154297869,0.0,84,0,7.823060064578543
PF_XBTUSD,corto,2026-05-24T16:00:00Z,2026-05-28T04:00:00Z,tp,906.0000839825306,76276.0,76237.86200000001,78049.86216796507,73519.86174805241,73519.86174805241,73556.62167892643,0.0029314062969061894,223.48414872946512,531.1708702367853,8.079361026903177,0.11174207436473256,0.10781217198437562,0.2195562661893649,-0.05211434072770808,0.0,84,0,7.692364855092412
PF_SOLUSD,corto,2026-05-24T20:00:00Z,2026-05-28T04:00:00Z,tp,1.465483082734832,85.26,85.21737000000002,88.14833616546969,80.82092075179553,80.82092075179553,80.86133121217142,1.812272268764554,154.43707646804847,531.1708702367853,8.044820220369182,0.07721853823402423,0.07327137408560197,0.1504919235246813,0.031192383115139822,0.0,80,0,7.712646001409736
PF_ETHUSD,corto,2026-05-30T04:00:00Z,2026-06-02T16:00:00Z,tp,33.68704600259783,2014.4,2013.3928000000003,2080.766892005196,1912.3316619922068,1912.3316619922068,1913.2878278232029,0.08228666608451102,165.6753810305587,554.3989411578659,8.39886324744829,0.08283769051527935,0.07871903830582366,0.16155882853691486,-0.12693051822017343,0.0,84,0,8.202678208310445
PF_XBTUSD,corto,2026-05-31T00:00:00Z,2026-06-01T16:00:00Z,tp,728.8085869928244,73787.0,73750.10650000001,75207.72367398566,71563.68073902154,71563.68073902154,71599.46257939105,0.003803460545418384,280.5056202931539,554.3989411578659,8.456307089000331,0.14025281014657698,0.13616286549693693,0.27641778972028613,-0.024528778075657818,0.0,40,0,7.928002401712189
PF_SOLUSD,corto,2026-05-31T04:00:00Z,2026-06-01T16:00:00Z,tp,1.1625034366201723,83.14,83.09843000000001,85.42343687324035,79.6109196901395,79.6109196901395,79.65072514998457,2.3845045257229898,198.1485824154751,554.3989411578659,8.415107970502262,0.09907429120773754,0.09496375729862809,0.19404015228335822,-0.04251283253225649,0.0,36,0,8.069542602244796
PF_XBTUSD,corto,2026-06-05T08:00:00Z,2026-06-15T12:00:00Z,stop,1647.2797920795235,63062.0,63030.469000000005,66325.02858415905,58088.62962376144,66325.02858415905,66358.19109845113,0.0017562261346013074,110.69575693397753,578.5991643701334,-5.730616077451229,0.05534787846698877,0.05826999472598386,0.11361644053895326,-0.041864667765797316,0.0,244,0,-5.915985723417357
PF_ETHUSD,corto,2026-06-07T20:00:00Z,2026-06-08T00:00:00Z,stop,49.46297581153339,1611.9,1611.0940500000002,1710.020001623067,1462.7051225654,1710.020001623067,1710.8750116238784,0.05848810700095607,94.22984118500368,578.5991643701334,-5.738853153863918,0.047114920592501844,0.050032920372559686,0.09714640625177307,0.013538184035559035,0.0,4,0,-5.9466855851163105
PF_SOLUSD,corto,2026-06-07T20:00:00Z,2026-06-12T16:00:00Z,stop,2.1643565447899764,63.91,63.878045,68.20675808957995,57.38497536563007,68.20675808957995,68.24086146862473,1.336653994839559,85.38284403179112,578.5991643701334,-5.743278865296236,0.042691422015895555,0.04560721004666509,0.08829719624284432,0.016527075589650858,0.0,116,0,-5.936401769191291
PF_ETHUSD,corto,2026-06-08T12:00:00Z,2026-06-15T16:00:00Z,stop,51.70113630136415,1682.1,1681.25895,1784.6612226027282,1526.1555410959074,1784.6612226027282,1785.5535532140295,0.0553810341272816,93.10985928674762,572.6524787850171,-5.679946569097422,0.04655492964337381,0.04944290113331754,0.09599641079004909,-0.030114648048163033,0.0,172,0,-5.841826162615999
PF_SOLUSD,largo,2026-06-15T00:00:00Z,2026-06-15T20:00:00Z,tp,1.3581954743136542,71.24,71.27561999999999,68.55922905137268,75.35020642294096,75.35020642294096,75.31253131972949,2.086283188736909,148.7011277728002,566.7160770158258,8.575054562420195,0.0743505638864001,0.0785616339967868,0.15291434164682752,0.02115759487211224,0.0,20,0,8.24807042801807
PF_SOLUSD,largo,2026-06-17T16:00:00Z,2026-06-18T08:00:00Z,stop,1.547904076472199,73.76,73.79688,70.7010718470556,78.4405922294166,70.7010718470556,70.66572131113207,1.8192546428374428,134.25531656691763,563.2063355578105,-5.564969244350269,0.06712765828345882,0.06427947079236693,0.13140573783351467,-0.007770237705057352,0.0,16,0,-5.820011873554552
PF_XBTUSD,largo,2026-06-17T16:00:00Z,2026-06-17T20:00:00Z,stop,923.1620102803109,65706.0,65738.853,63892.52897943938,68508.33903084093,63892.52897943938,63860.58271494967,0.0030504198032737352,200.531099035701,563.2063355578105,-5.531847913781137,0.10026554951785051,0.09740079308114143,0.19766495963701347,0.0033042082469128377,0.0,4,0,-5.930483424264055
PF_ETHUSD,largo,2026-06-17T20:00:00Z,2026-06-23T12:00:00Z,stop,37.9652309370121,1733.3,1734.16665,1658.2361881259758,1848.0623428110362,1658.2361881259758,1657.4070700319128,0.07339292273213348,127.27555894809275,557.2758521335464,-5.509152544849659,0.06363777947404638,0.06082097451327196,0.12445737669918214,0.05966440599921534,0.0,136,0,-5.817733081535375
PF_XBTUSD,corto,2026-06-20T20:00:00Z,2026-06-22T16:00:00Z,stop,877.3922104628327,63875.0,63843.0625,65597.84692092566,61210.8858686115,65597.84692092566,65630.64584438612,0.0031425845459073184,200.63222157589504,551.4558402599919,-5.414192108664981,0.10031611078794753,0.10312492668424209,0.20343968392416245,0.003221827263663918,0.0,44,0,-5.824294657324996
PF_XBTUSD,corto,2026-06-23T00:00:00Z,2026-06-23T12:00:00Z,tp,832.9567612652041,63952.0,63920.024000000005,65585.93752253041,61421.15371620439,61421.15371620439,61451.86429306249,0.0032752693235474192,209.35529376761482,545.6315456026668,8.28920319592975,0.1046776468838074,0.1006357029969333,0.2053154221815397,0.005304485516736419,0.0,12,0,7.873269938350732
PF_XBTUSD,corto,2026-06-27T20:00:00Z,2026-07-02T16:00:00Z,stop,1082.1309234358573,60078.0,60047.961,62212.222846871715,56801.56822969243,62212.222846871715,62243.32895829515,0.0025305952847208607,151.95708696370215,547.6870824594822,-5.400854272837093,0.07597854348185108,0.07875633738359555,0.15473353065187842,-0.039628280855625836,0.0,116,0,-5.670694403498793
PF_ETHUSD,corto,2026-06-28T00:00:00Z,2026-07-02T00:00:00Z,stop,36.11314803042641,1571.7,1570.91415,1643.1404460608528,1462.5747059087207,1643.1404460608528,1643.9620162838833,0.07582931872874105,119.12134977583932,547.6870824594822,-5.417280354471837,0.05956067488791967,0.062330259855367186,0.12188958042319822,-0.0424706924907823,0.0,96,0,-5.618590177147539
PF_SOLUSD,largo,2026-07-05T12:00:00Z,2026-07-08T12:00:00Z,stop,1.4302524536647072,80.51,80.550255,77.6897500926706,84.84101236099413,77.6897500926706,77.65090521762426,1.875185728590902,151.04668861035796,536.3977978788358,-5.288492377283927,0.07552334430517897,0.0728049346381269,0.14832695682021155,-0.0018308923836475289,0.0,72,0,-5.583316720663796
PF_ETHUSD,largo,2026-07-05T20:00:00Z,2026-07-08T12:00:00Z,stop,29.009853203229063,1779.8,1780.6898999999999,1722.6701935935416,1867.719459609687,1722.6701935935416,1721.808858496745,0.09245096728361414,164.6265036871621,536.3977978788358,-5.2817058630026885,0.08231325184358106,0.07959144722275979,0.1619033786398751,0.05509444473172699,0.0,64,0,-5.660608385440631
PF_XBTUSD,largo,2026-07-06T00:00:00Z,2026-07-06T16:00:00Z,stop,776.8959037763894,63596.0,63627.797999999995,62074.00619244722,65958.48571132917,62074.00619244722,62042.969189350995,0.0034521857772159452,219.65497929116916,536.3977978788358,-5.254205375444458,0.10982748964558457,0.1070919279058623,0.216918104000103,0.044113503026992296,0.0,16,0,-5.732156400023
PF_XBTUSD,largo,2026-07-06T20:00:00Z,2026-07-08T12:00:00Z,stop,888.109011127891,63695.0,63726.847499999996,61950.629477744216,66391.17453338367,61950.629477744216,61919.65416300535,0.002987615455026585,190.39131449112227,530.6656414788129,-5.211508331584175,0.09519565724556113,0.092496057873648,0.18769041224212624,0.022665141325623653,0.0,40,0,-5.609555600271134
PF_ETHUSD,largo,2026-07-08T20:00:00Z,2026-07-13T04:00:00Z,tp,32.82297333191443,1739.7,1740.5698499999999,1674.923903336171,1839.0387699957432,1839.0387699957432,1838.1192506107454,0.07827020355173726,136.2347564555168,513.8121607724373,7.775265748146029,0.0681173782277584,0.07193498394883491,0.14005430599303034,0.09354181808370067,0.0,104,0,7.401617261892705
PF_XBTUSD,largo,2026-07-08T20:00:00Z,2026-07-10T16:00:00Z,tp,907.1736229120509,62236.0,62267.117999999995,60452.770754175894,64988.63886873615,64988.63886873615,64956.14454930178,0.0028319394865289785,176.3367101765593,513.8121607724373,7.795306704528352,0.08816835508827965,0.0919759353209259,0.1801462392358817,0.05965970905117608,0.0,44,0,7.375356465832089
PF_SOLUSD,corto,2026-07-10T16:00:00Z,2026-07-17T16:00:00Z,tp,1.3829441895555756,78.09,78.050955,80.81684337911115,73.90212243133328,73.90212243133328,73.93907349254894,1.8843403847184852,147.0745665723452,521.1875172382694,7.891386828895364,0.0735372832861726,0.06966319109533901,0.14320244722821884,-0.028248129235786346,0.0,168,0,7.63323203652142
PF_XBTUSD,largo,2026-07-12T20:00:00Z,2026-07-13T04:00:00Z,stop,599.5500303216049,64192.0,64224.096,63024.995939356784,66022.7460909648,63024.995939356784,62993.48344138711,0.004346488957382747,279.14932406188944,521.1875172382694,-5.072370262806563,0.1395746620309447,0.136900240082531,0.27647363402090996,0.012687563108948283,0.0,8,0,-5.638006362049896
PF_ETHUSD,largo,2026-07-14T04:00:00Z,2026-07-14T16:00:00Z,tp,27.48280146190458,1781.7,1782.59085,1727.6252470761908,1865.0392543857138,1865.0392543857138,1864.106734758521,0.09514152493933406,169.5984118119037,522.9511281381123,7.929023749563888,0.08479920590595184,0.0886769786973042,0.17347816685919346,0.007508099823877985,0.0,12,0,7.574561298277561
PF_ETHUSD,largo,2026-07-17T12:00:00Z,2026-07-20T20:00:00Z,tp,30.44069966086833,1837.6,1838.5187999999998,1777.6374006782632,1929.8408989826048,1929.8408989826048,1928.8759785331135,0.0871408501359749,160.2100912229724,530.5256894363898,8.037950354650773,0.08010504561148621,0.084041946288118,0.16414900138719288,-0.02077527745316969,0.0,80,0,7.730429638817146
PF_SOLUSD,corto,2026-07-19T12:00:00Z,2026-07-20T16:00:00Z,stop,0.8549875202312406,76.03,75.991985,77.70196004046248,73.42702243930628,77.70196004046248,77.74081102048271,3.147174132596464,239.1600094766585,538.1589214729113,-5.261949390078454,0.11958000473832926,0.12233193474536666,0.24191062399634838,0.021212687604737112,0.0,28,0,-5.766984641163235
PF_SOLUSD,largo,2026-07-22T16:00:00Z,2026-07-23T16:00:00Z,stop,0.9858584030597084,78.43,78.469215,76.49749819388059,81.42679020917913,76.49749819388059,76.45924944478365,2.7393506247664083,214.95469313517964,540.1223664705651,-5.293800029955442,0.10747734656758982,0.10472434636786938,0.2122003694854517,-0.10293798123563268,0.0,24,0,-5.6152641111407195
PF_XBTUSD,largo,2026-07-24T00:00:00Z,2026-07-24T16:00:00Z,stop,580.2026867539745,65057.0,65089.52849999999,63929.12312649204,66830.13656026192,63929.12312649204,63897.1585649288,0.004606210162088352,299.81604762223935,534.5071023594244,-5.195237916336792,0.14990802381111967,0.1471618705551729,0.29706859555681353,0.03967999051627546,0.0,16,0,-5.829056396776174
PF_ETHUSD,largo,2026-07-28T16:00:00Z,2026-07-31T16:00:00Z,stop,31.819272173292397,1917.6,1918.5587999999998,1854.920255653415,2014.016616519877,1854.920255653415,1853.9927955255885,0.08307513180744526,159.384525190334,528.6780459626482,-5.207128023249505,0.079692262595167,0.07701034792917108,0.15670130874233226,0.08079333635101542,0.0,72,0,-5.601325278867191
PF_SOLUSD,corto,2026-07-31T04:00:00Z,2026-08-01T20:00:00Z,tp,1.0550753774387691,74.09,74.05295500000001,76.16310575487755,70.8877288676837,70.8877288676837,70.92317273211755,2.505404150583212,185.53258081995185,528.6780459626482,8.022983386198055,0.09276629040997593,0.08884560566778871,0.18161390182361117,0.06221413938503216,0.0,40,0,7.5975434489116465
PF_XBTUSD,corto,2026-07-31T04:00:00Z,2026-07-31T16:00:00Z,tp,721.292681625038,64322.0,64289.839,65732.42436325007,62125.96095512489,62125.96095512489,62157.02393560245,0.0036647955776534557,235.60911765525267,528.6780459626482,8.048034180012634,0.11780455882762633,0.11389639321964792,0.23170296405581928,-0.012825906081350324,0.0,12,0,7.597456169990891
PF_SOLUSD,corto,2026-08-02T20:00:00Z,2026-08-08T12:00:00Z,stop,0.8763577674602312,73.65,73.61317500000001,75.36589053492048,70.98410169761932,75.36589053492048,75.40357348018794,3.0710729127365792,226.07142776303758,538.2717203026835,-5.269624943015352,0.11303571388151878,0.11578493601927374,0.22881933249455674,-0.14005487489686447,0.0,136,0,-5.587210050513837
PF_XBTUSD,corto,2026-08-03T04:00:00Z,2026-08-03T20:00:00Z,stop,622.1867720944493,62795.0,62763.6025,64007.9760441889,60897.04218371665,64007.9760441889,64039.980032210995,0.00432564419917443,271.4930130734147,538.2717203026835,-5.246902789283267,0.1357465065367074,0.1385070840707899,0.2742522788817999,-0.001713768314928788,0.0,16,0,-5.793694890457635
PF_ETHUSD,corto,2026-08-03T08:00:00Z,2026-08-05T20:00:00Z,stop,27.375405055873866,1841.3,1840.3793500000002,1895.130160111748,1758.2531348323785,1895.130160111748,1896.0777251918037,0.09831301476709804,180.93324221361232,538.2717203026835,-5.292205325981533,0.09046662110680616,0.09320455869817373,0.1836698567536484,-0.06990537784251194,0.0,60,0,-5.58964098469765
PF_XBTUSD,corto,2026-08-04T08:00:00Z,2026-08-06T00:00:00Z,stop,666.3477211984498,63622.0,63590.189000000006,64922.884442396906,61591.145836404656,64922.884442396906,64955.3458846181,0.003995496708944584,254.0743908706641,532.4780254122259,-5.197679508314047,0.12703719543533204,0.12976443535517437,0.2568003313706293,0.024874074865510302,0.0,40,0,-5.7361555453406945
PF_XBTUSD,largo,2026-08-07T12:00:00Z,2026-08-10T20:00:00Z,stop,571.7005058655955,64973.0,65005.4865,63862.08548826881,66720.58801759679,63862.08548826881,63830.15444552468,0.004557912959103698,296.2893493311905,521.1522288821875,-5.063451649475961,0.14814467466559525,0.14546614406442374,0.2936095528671066,0.05896467542385747,0.0,80,0,-5.709636696496944
PF_SOLUSD,largo,2026-08-11T12:00:00Z,2026-08-17T00:00:00Z,stop,0.8294020402873484,76.16,76.19807999999999,74.5392759194253,78.68628612086204,74.5392759194253,74.50200628146558,3.0736323120120135,234.20488080127635,509.85538213517674,-4.98150990291037,0.11710244040063818,0.11449588690821731,0.2315970819313798,-0.005422111530671652,0.0,132,0,-5.439283200619933
PF_ETHUSD,corto,2026-08-16T04:00:00Z,2026-08-17T04:00:00Z,stop,12.695343216531212,1881.0,1880.0595,1905.4501864330625,1841.9734703504064,1905.4501864330625,1906.402911526279,0.20080409542267033,377.5236472382979,509.85538213517674,-4.9096975696067675,0.18876182361914895,0.19140675608008975,0.38016735227484627,-0.03425978132036493,0.0,24,0,-5.635773720260487
PF_XBTUSD,corto,2026-08-16T08:00:00Z,2026-08-17T08:00:00Z,stop,331.71973428473694,62993.0,62961.503500000006,63624.94296856948,61966.3442971458,63624.94296856948,63656.755440053756,0.006479868070983711,407.9822362307792,509.85538213517674,-4.094907064716021,0.2039911181153896,0.2062436885392115,0.4102337829278349,0.009984572122857431,0.0,24,0,-4.925360226421315
PF_SOLUSD,corto,2026-08-17T20:00:00Z,2026-08-18T16:00:00Z,stop,0.6898106894400716,75.75,75.712125,77.09174637888015,73.64269293167979,77.09174637888015,77.13029225206958,3.579641288168088,271.02224866494333,493.854964987875,-4.802970736089392,0.13551112433247164,0.13804938935698974,0.2735593129467774,-0.04061071197251009,0.0,20,0,-5.309479850753121
PF_ETHUSD,largo,2026-08-23T00:00:00Z,2026-09-11T16:00:00Z,tp,61.6115337239096,2422.2,2423.4111,2300.1880325521806,2608.245701171729,2608.245701171729,2606.941578321143,0.03964724261908221,96.08156784747689,488.5454851371219,7.376199052592806,0.048040783923738443,0.05167902262473573,0.09972165059823732,0.4146914956206396,0.0,472,0,6.7620660998254545
PF_SOLUSD,largo,2026-08-23T00:00:00Z,2026-08-25T08:00:00Z,tp,3.069858104771324,93.79,93.836895,87.69717879045734,103.04646931431397,103.04646931431397,102.99494607965681,0.7957134637229658,74.66728074545826,488.5454851371219,7.365497259938108,0.03733364037272913,0.04097723264550191,0.07831271439254603,0.04457814884843087,0.0,56,0,7.164295523678899
PF_XBTUSD,largo,2026-08-23T00:00:00Z,2026-08-28T04:00:00Z,tp,1423.2567022880173,77073.0,77111.5365,74265.02309542397,81381.30660686405,81381.30660686405,81340.61595356061,0.0017162943422354509,132.34609381603246,488.5454851371219,7.3943222539763775,0.06617304690801623,0.06980221947752137,0.13597711496610107,0.15495492578586492,0.0,124,0,6.967414946838874
PF_SOLUSD,largo,2026-08-26T12:00:00Z,2026-08-27T12:00:00Z,tp,2.6769158994669966,97.03,97.078515,91.724683201066,105.10926269840098,105.10926269840098,105.05670806705179,0.9258971878038867,89.88472403467743,495.7097806608008,7.48056661197831,0.04494236201733872,0.04863585527960858,0.09358008743860029,0.059418874409947225,0.0,24,0,7.233989432832815
PF_SOLUSD,largo,2026-08-29T16:00:00Z,2026-09-01T20:00:00Z,stop,2.52626233332018,105.03,105.082515,100.02999033335963,112.66130199996054,100.02999033335963,99.97997533819296,1.0092205752248888,106.05143623437802,509.91118504047245,-5.046112631896795,0.05302571811718901,0.05045092411089065,0.10347538069992168,-0.0007149150163915793,0.0,76,0,-5.2523497398084045
PF_XBTUSD,corto,2026-09-01T08:00:00Z,2026-09-03T16:00:00Z,stop,860.0507878926117,78623.0,78583.6885,80303.79007578523,76003.53613632217,80303.79007578523,80343.94197082311,0.0029644248468739345,232.9554387484015,509.91118504047245,-4.982575863036868,0.11647771937420073,0.1190867889370528,0.2355632626672878,-0.1141926986223456,0.0,56,0,-5.339510935393064
PF_XBTUSD,largo,2026-09-06T04:00:00Z,2026-09-08T08:00:00Z,stop,758.5173888554897,80045.0,80085.02249999999,78567.987722289,82360.57466656646,78567.987722289,78528.70372842786,0.003291416463890716,263.5931615675584,499.31932436527103,-4.861462528226691,0.1317965807837792,0.12923533416987185,0.261030699588019,0.1253098168522645,0.0,52,0,-5.508834959620626
PF_SOLUSD,largo,2026-09-08T16:00:00Z,2026-09-10T00:00:00Z,stop,1.8187707872165781,104.3,104.35215,100.71460842556684,109.80846236164973,100.71460842556684,100.66425112135406,1.3575390941960621,141.66212318841158,493.8104894056504,-4.867309230294185,0.07083106159420581,0.06832782814260396,0.1391576729095022,0.003899196774043394,0.0,32,0,-5.149524989714541
PF_XBTUSD,largo,2026-09-09T08:00:00Z,2026-09-10T00:00:00Z,stop,715.2845518260441,79270.0,79309.635,77879.0658963479,81455.48865547813,77879.0658963479,77840.12636339974,0.003451846458482891,273.7646826983207,493.8104894056504,-4.801290959674551,0.13688234134916036,0.13434608225768108,0.27122722328410154,0.050494043841552066,0.0,16,0,-5.394240650407047
PF_SOLUSD,corto,2026-09-12T08:00:00Z,2026-09-15T20:00:00Z,tp,1.9765302775563627,101.66,101.60917,105.56223055511273,95.67957916733091,95.67957916733091,95.72741895691458,1.2396187284092355,125.95663011011784,490.02878986535427,7.413441667945349,0.06297831505505892,0.059332750680634296,0.1223129190961102,0.021590781789445644,0.0,84,0,7.1472269013241005
PF_XBTUSD,corto,2026-09-12T20:00:00Z,2026-09-14T16:00:00Z,stop,763.6572592548299,77113.0,77074.44350000001,78601.75801850967,74783.47172223552,78601.75801850967,78641.05889751893,0.0032084340450290495,247.28826852706797,490.02878986535427,-4.776581911396426,0.12364413426353399,0.1261573253519672,0.2498002654700233,-0.10188855592596857,0.0,44,0,-5.174295080555982
PF_ETHUSD,largo,2026-09-14T04:00:00Z,2026-09-15T16:00:00Z,stop,36.230871545695045,2512.6,2513.8563,2441.39455690861,2622.548914637085,2441.39455690861,2440.1738596301557,0.06762586282906843,170.0017013157895,490.02878986535427,-4.815329527181375,0.08500085065789476,0.0825094313552137,0.1675090781807267,0.04008193686062605,0.0,36,0,-5.190430824235836
PF_ETHUSD,corto,2026-09-18T00:00:00Z,2026-09-18T16:00:00Z,stop,39.34540238996049,2445.4,2444.1773000000003,2522.8681047799214,2326.141092830119,2522.8681047799214,2524.129538832311,0.0618638088939844,151.20611739021479,486.81129086188656,-4.792472029484211,0.0756030586951074,0.07807613370699153,0.15367799428409157,-0.04816669834224967,0.0,16,0,-5.051662517828151
PF_XBTUSD,corto,2026-09-18T00:00:00Z,2026-09-18T12:00:00Z,stop,847.8527408220433,76363.0,76324.81850000001,78020.52398164409,73781.26027753387,78020.52398164409,78059.5342436349,0.0028708481285906694,219.11696235574752,486.81129086188656,-4.758499620797085,0.10955848117787376,0.11204853390099927,0.22160582545396781,-0.030374272514490784,0.0,12,0,-5.171338188815435
PF_ETHUSD,largo,2026-09-20T20:00:00Z,2026-09-21T12:00:00Z,tp,38.832646514899245,2632.8,2634.1164,2556.451106970201,2750.6143395446975,2750.6143395446975,2749.2390323749255,0.06136438447124462,161.64093151161077,476.588290155243,7.229604428046565,0.0808204657558054,0.08435268049300373,0.16517495364991613,0.010121434601460972,0.0,16,0,6.889134893546378
PF_SOLUSD,largo,2026-09-20T20:00:00Z,2026-09-21T12:00:00Z,tp,1.929644848358532,110.41,110.465205,106.60591530328293,116.25413954507559,116.25413954507559,116.19601247530306,1.2349119335629473,136.41479989797736,476.588290155243,7.216997665620982,0.06820739994898867,0.07174592121909042,0.1399551254174955,0.05411859494007572,0.0,16,0,6.882970624095332
PF_XBTUSD,largo,2026-09-20T20:00:00Z,2026-09-21T12:00:00Z,tp,800.2796411549699,81170.0,81210.58499999999,79610.02571769005,83611.4239234649,83611.4239234649,83569.61821150317,0.0029776359765158276,241.8155595698966,476.588290155243,7.269671708435509,0.1209077797849483,0.12441995086513206,0.24532954806800747,0.042252575086248634,0.0,16,0,6.7367618546311725
PF_ETHUSD,largo,2026-09-24T00:00:00Z,2026-10-07T04:00:00Z,stop,44.50791153032388,2684.7,2686.0423499999997,2597.026526939352,2819.5660845909715,2597.026526939352,2595.7280136758827,0.05584368491305601,149.9985026565245,497.0971575275159,-4.896009804832112,0.07499925132826225,0.07247750865785438,0.14747553598366542,0.313498370177055,0.0,316,0,-5.50446047097895
PF_SOLUSD,largo,2026-09-24T00:00:00Z,2026-09-25T12:00:00Z,tp,2.2877283885327926,115.02,115.07750999999999,110.5020532229344,121.94069516559837,121.94069516559837,121.87972481801557,1.0864426914034213,125.02511968440412,497.0971575275159,7.518938682095344,0.06251255984220205,0.0662076681293966,0.12872210770626918,0.04037292948501319,0.0,36,0,7.221123416932463
PF_XBTUSD,largo,2026-09-24T00:00:00Z,2026-10-08T08:00:00Z,stop,1069.0881073561893,84368.0,84410.184,82272.00778528761,87617.44832206857,82272.00778528761,82230.87178139498,0.002324865247808324,196.2423033427062,497.0971575275159,-4.872899459661632,0.09812115167135312,0.09558784805077368,0.1937077814972619,0.33268904322314025,0.0,344,0,-5.59300528410416
PF_SOLUSD,largo,2026-09-28T16:00:00Z,2026-10-08T12:00:00Z,stop,2.3380302666703403,118.69,118.74934499999999,114.07328446665932,125.76343580001101,114.07328446665932,114.01624782442599,1.0785110187274507,128.0724770491675,504.31828094444836,-4.979178573038104,0.06403623852458375,0.06148388979630158,0.12551888352624208,0.14974831353639675,0.0,236,0,-5.379965898421628
